CU,BY,ER,Esc,male_spawn,female_spawn,mature_spawn,effective_spawn,R2.1,R3.1,R3.2,R4.1,R4.2,R4.3,R5.2,R5.3,R6.2,R6.3,R.no.jacks,Rec,Use
E.Stuart,1952,0.837128563,33582,13388,16803,30191,15483,0,0,28,0,78012,0,10560,0,0,0,88572,88600,y
E.Stuart,1953,0.853044044,154312,66131,87905,154036,78332,0,0,294,0,537711,0,2886,0,0,0,540597,540891,y
E.Stuart,1954,0.855055083,35058,16714,18336,35050,18010,0,0,341,0,154781,0,701,0,0,0,155482,155823,y
E.Stuart,1955,0.876423225,2170,689,1470,2159,1397,0,0,11,0,25824,0,1632,0,0,0,27456,27467,y
E.Stuart,1956,0.731628571,25157,8132,16888,25020,16662,0,0,0,0,101035,0,6393,2966,0,0,110394,110394,y
E.Stuart,1957,0.571653434,235033,114245,120605,234850,119278,0,0,730,0,1215763,23,3272,3148,0,0,1222183,1222936,y
E.Stuart,1958,0.753867328,38812,15701,23106,38807,22196,0,0,755,0,102112,0,240,0,0,0,102352,103107,y
E.Stuart,1959,0.899340245,2670,1331,1339,2670,1297,0,0,0,0,14682,0,6153,0,0,0,20835,20835,y
E.Stuart,1960,0.658049812,14572,5822,8625,14447,7401,0,0,22,0,69925,0,4202,0,0,0,74127,74149,y
E.Stuart,1961,0.837631681,199136,90112,108809,198921,87809,0,0,630,0,252123,0,2208,881,0,0,255212,255842,y
E.Stuart,1962,0.753842185,26716,11881,14835,26716,14075,0,0,0,0,67661,0,5992,2132,0,0,75785,75785,y
E.Stuart,1963,0.691261225,4628,1703,2904,4607,2590,0,0,332,0,90397,0,1825,0,0,0,92222,92554,y
E.Stuart,1964,0.579300192,2421,1050,1340,2390,1300,0,0,1027,0,25940,0,12949,2971,0,0,41860,42887,y
E.Stuart,1965,0.910094606,23045,9075,13970,23045,11242,0,0,432,0,415253,0,1526,0,0,0,416779,417211,y
E.Stuart,1966,0.846925795,10859,4434,6396,10830,5959,0,0,1746,0,83040,0,0,0,0,0,83040,84786,y
E.Stuart,1967,0.786400869,21069,9264,11780,21044,11167,0,0,423,0,326142,0,13128,0,0,0,339270,339693,y
E.Stuart,1968,0.945182784,1587,619,903,1522,793,0,0,11,0,10412,0,0,0,0,0,10412,10423,y
E.Stuart,1969,0.745682128,109818,50034,59621,109655,48687,0,0,648,0,1366181,76,4452,4237,0,0,1374870,1375594,y
E.Stuart,1970,0.593347208,32747,14322,18256,32578,15806,0,0,1212,0,178232,0,1312,1380,0,0,180924,182136,y
E.Stuart,1971,0.705833655,95942,44725,51215,95940,45612,0,0,311,0,423510,0,6993,396,0,0,430899,431210,y
E.Stuart,1972,0.802166525,5086,2170,2487,4657,2253,0,0,25,0,32207,0,0,0,0,0,32207,32232,y
E.Stuart,1973,0.780488822,300653,143948,155944,299892,153870,0,0,4591,0,1342456,67,3951,1017,0,0,1347424,1352082,y
E.Stuart,1974,0.788584482,39659,17059,22474,39533,21603,0,0,1242,0,141307,0,2218,477,0,0,144002,145244,y
E.Stuart,1975,0.810538196,65780,32597,33168,65765,26248,0,0,150,0,220007,0,2852,76,0,0,222935,223085,y
E.Stuart,1976,0.702975048,12648,4773,6988,11761,6792,0,0,43,0,28800,0,3034,0,0,0,31834,31877,y
E.Stuart,1977,0.912514824,118017,45034,72411,117445,53381,0,0,572,0,752467,0,8655,0,0,0,761122,761694,y
E.Stuart,1978,0.658150743,50097,22052,27952,50004,20005,0,0,202,0,71470,0,1180,0,0,0,72650,72852,y
E.Stuart,1979,0.583542133,92763,44323,48423,92746,36172,0,0,34,0,89807,0,17889,206,0,0,107902,107936,y
E.Stuart,1980,0.466118255,17026,7081,9858,16939,7361,0,0,10,0,37950,0,25541,0,0,0,63491,63501,y
E.Stuart,1981,0.82864748,138072,57937,80094,138031,67227,0,0,46,0,331290,0,18805,0,0,0,350095,350141,y
E.Stuart,1982,0.839263651,4560,1934,2623,4557,2158,0,0,13,0,26796,0,1007,0,0,0,27803,27816,y
E.Stuart,1983,0.737690684,23874,8548,15319,23867,13121,0,0,423,0,176760,4,10949,760,0,0,188469,188896,y
E.Stuart,1984,0.193487376,45247,20614,24587,45201,21868,0,0,240,0,209867,12,29536,2385,0,0,241788,242040,y
E.Stuart,1985,0.342771067,237544,107451,130081,237532,116610,0,0,2414,0,1179879,0,26057,527,0,0,1206463,1208877,y
E.Stuart,1986,0.373157895,29004,12741,15843,28584,15219,0,0,56,0,128280,0,17603,3,0,0,145886,145942,y
E.Stuart,1987,0.16635821,148438,65510,82684,148194,75970,0,0,8,0,494847,0,31065,0,0,0,525912,525920,y
E.Stuart,1988,0.188505021,182129,88798,91009,179807,88069,0,0,33,0,319342,0,59894,0,0,663,379899,379932,y
E.Stuart,1989,0.682456414,384819,162699,222100,384799,211039,0,0,420,0,1091749,0,45932,688,0,0,1138369,1138789,y
E.Stuart,1990,0.373422013,97049,48123,48912,97035,47063,0,0,2,0,156963,0,9121,0,0,0,166084,166086,y
E.Stuart,1991,0.724620599,141152,53912,87207,141119,85454,0,0,514,0,129192,0,14581,172,0,0,143945,144459,y
E.Stuart,1992,0.488885781,66520,24699,41399,66098,36564,0,0,10,0,80797,0,19569,0,0,0,100366,100376,y
E.Stuart,1993,0.402621298,688015,296301,391712,688013,386816,0,0,847,0,1652166,0,161770,0,0,0,1813936,1814783,y
E.Stuart,1994,0.227246689,29519,13311,15814,29125,14498,0,0,6,0,27990,0,1034,0,0,0,29024,29030,y
E.Stuart,1995,0.111859009,122862,57658,65198,122856,57322,0,0,20,0,170595,0,18985,0,0,0,189580,189600,y
E.Stuart,1996,0.083526949,88453,44410,43202,87612,41063,0,0,0,0,359206,0,104940,0,0,0,464146,464146,y
E.Stuart,1997,0.461620463,266946,176537,90404,266941,73417,0,0,1,0,109249,0,38121,201,0,0,147571,147572,y
E.Stuart,1998,0.110771864,32590,15889,16681,32570,9375,0,0,2,0,24341,0,4349,0,0,0,28690,28692,y
E.Stuart,1999,0.156174431,24550,14925,9627,24552,8189,0,0,0,0,25927,0,4639,0,0,0,30566,30566,y
E.Stuart,2000,0.597469714,89859,49915,39943,89858,35334,0,0,0,0,132457,0,3417,0,0,0,135874,135874,y
E.Stuart,2001,0.202067362,170983,81762,89219,170981,82849,0,,5,,216279,,35722,,,,252001,252006,y
E.Stuart,2002,0.091234062,24637,11229,13408,24637,12939,0,,,,20266,,4300,,,19,24585,24585,y
E.Stuart,2003,0.038344916,13166,5990,7176,13166,6932,0,,,,8431,,1588,12,0,0,10031,10031,y
E.Stuart,2004,0.297271632,9286,3907,5374,9281,5253,0,,,,32387,,5077,0,0,0,37464,37464,y
E.Stuart,2005,0.097841562,98537,46983,51554,98537,51183,,,49,0,76119,0,7844,1020,0,0,84983,85032,y
E.Stuart,2006,0.136705145,35816,18013,17803,35816,15914,,0,0,0,96013,0,10603,0,0,0,106616,106616,y
E.Stuart,2007,0.076284884,5347,2579,2768,5347,2376,,0,0,0,10551,0,147,0,0,0,10698,10698,y
E.Stuart,2008,0.121704613,29916,13438,16429,29867,14446,,0,1,0,183792,0,9159,131,0,0,193081,193082,y
E.Stuart,2009,0.117459429,45297,22235,23062,45297,21884,,0,3,0,172778,0,30113,0,0,0,202891,202894,y
E.Stuart,2010,0.058471842,60262,23048,37214,60262,34198,,0,53,0,191813,0,26479,0,,,218291,218344,y
E.Stuart,2011,0.105404031,758,471,286,757,233,,0,3,0,2259,0,735,368,,,3362,3365,y
L.Stuart,1952,0.89,1975,18,17,35,16,0,0,86,0,3858,0,29,0,0,0,3887,3973,y
L.Stuart,1953,0.76,369023,195538,173096,368634,78689,0,0,830,0,1548072,0,1470,1867,0,0,1551409,1552239,y
L.Stuart,1954,0.85,5470,2742,2728,5470,2687,0,0,150,0,135111,0,2704,0,0,0,137815,137965,y
L.Stuart,1955,0.87,7618,4133,3449,7582,3274,0,0,29,0,50196,0,1120,0,0,0,51316,51345,y
L.Stuart,1956,0.92,1454,401,512,913,466,0,0,0,0,13472,0,32630,0,0,0,46102,46102,y
L.Stuart,1957,0.66,531130,217598,313510,531108,300029,0,0,874,0,1327094,0,1916,0,0,0,1329010,1329884,y
L.Stuart,1958,0.83,23638,10467,13152,23619,13152,0,0,672,0,53044,0,961,0,0,0,54005,54677,y
L.Stuart,1959,0.84,8225,4015,4210,8225,4090,0,0,67,0,6092,0,1233,0,0,0,7325,7392,y
L.Stuart,1960,0.84,2961,1042,1354,2396,1307,0,0,27,0,6658,0,2932,0,0,0,9590,9617,y
L.Stuart,1961,0.7,411105,162396,248491,410887,194469,0,0,143,0,770385,0,7535,415,0,0,778335,778478,y
L.Stuart,1962,0.66,18689,7877,10766,18643,9073,0,0,45,0,43107,0,1917,0,0,0,45024,45069,y
L.Stuart,1963,0.54,3237,1758,1464,3222,1092,0,0,25,0,11911,0,113,0,0,0,12024,12049,y
L.Stuart,1964,0.8,1900,992,824,1816,824,0,0,60,0,1806,0,1235,0,0,0,3041,3101,y
L.Stuart,1965,0.72,214958,84219,130724,214943,122789,0,0,228,0,1102448,0,21752,91,0,0,1124291,1124519,y
L.Stuart,1966,0.82,9032,4320,4707,9027,4164,0,0,274,0,71954,0,1851,0,0,0,73805,74079,y
L.Stuart,1967,0.88,1642,686,943,1629,897,0,0,224,0,6294,0,10038,0,0,0,16332,16556,y
L.Stuart,1968,0.8,470,193,196,389,179,0,0,0,0,27393,0,3906,0,0,0,31299,31299,y
L.Stuart,1969,0.81,207057,85580,121434,207014,114306,0,0,2756,0,1602892,54,19888,0,0,0,1622780,1625590,y
L.Stuart,1970,0.84,15055,6799,8179,14978,8027,0,0,318,0,70520,0,0,0,0,0,70520,70838,y
L.Stuart,1971,0.81,1535,756,779,1535,725,0,0,1243,0,65527,0,0,0,0,0,65527,66770,y
L.Stuart,1972,0.8,8704,3930,3411,7341,3411,0,0,0,0,16180,0,2586,0,0,0,18766,18766,y
L.Stuart,1973,0.87,214343,93027,121203,214230,116706,0,0,290,0,658158,0,5807,1843,0,0,665808,666098,y
L.Stuart,1974,0.84,14627,6653,7537,14190,7371,0,0,855,0,48593,0,1268,0,0,0,49861,50716,y
L.Stuart,1975,0.78,14229,7055,7174,14229,5679,0,0,541,0,214097,0,478,0,0,0,214575,215116,y
L.Stuart,1976,0.82,3000,1176,1722,2898,1674,0,0,0,0,3339,0,0,0,0,0,3339,3339,y
L.Stuart,1977,0.78,146629,69115,77344,146459,75890,0,0,104,0,1313861,0,43776,0,0,0,1357637,1357741,y
L.Stuart,1978,0.77,13027,5623,7115,12738,7115,0,0,699,0,69820,0,8928,0,0,0,78748,79447,y
L.Stuart,1979,0.85,31918,15207,16711,31918,16711,0,0,0,0,6854,0,0,0,0,0,6854,6854,y
L.Stuart,1980,0.74,979,456,490,946,286,0,0,0,0,21440,0,0,0,0,0,21440,21440,y
L.Stuart,1981,0.81,249699,118853,130641,249494,120124,0,0,0,0,1978010,0,55891,0,0,0,2033901,2033901,y
L.Stuart,1982,0.85,16758,8077,8681,16758,8681,0,0,193,0,52097,0,8699,0,0,0,60796,60989,y
L.Stuart,1983,0.86,2246,795,1451,2246,1451,0,0,0,0,14195,0,3717,32,0,0,17944,17944,y
L.Stuart,1984,0.94,1228,556,672,1228,672,0,0,222,0,14522,0,0,0,0,0,14522,14744,y
L.Stuart,1985,0.86,274642,110039,164582,274621,159101,0,0,7755,0,3367086,0,132788,0,0,0,3499874,3507629,y
L.Stuart,1986,0.73,28715,12599,16116,28715,15044,0,0,264,0,725126,0,91171,0,0,0,816297,816561,y
L.Stuart,1987,0.72,6524,3560,2912,6472,2393,0,0,984,0,283932,0,95155,0,0,0,379087,380071,y
L.Stuart,1988,0.61,11459,3456,3661,7117,3638,0,0,1552,0,207234,0,0,0,0,0,207234,208786,y
L.Stuart,1989,0.83,575791,246428,329269,575697,327096,0,0,20256,0,5162734,0,144134,0,0,0,5306868,5327124,y
L.Stuart,1990,0.78,190060,77164,111915,189079,111747,0,0,440,0,372685,44,16654,0,0,0,389339,389823,y
L.Stuart,1991,0.8,77322,36660,40200,76860,40200,0,0,354,0,91441,0,17786,0,0,0,109227,109581,y
L.Stuart,1992,0.79,23892,7091,12422,19513,12422,0,0,0,0,128970,0,6429,0,0,0,135399,135399,y
L.Stuart,1993,0.74,1805142,616796,1188173,1804969,744565,0,0,4082,0,3249145,0,511029,0,0,0,3760174,3764256,y
L.Stuart,1994,0.67,76715,34914,41548,76462,40717,0,0,0,0,108011,0,7429,0,0,0,115440,115440,y
L.Stuart,1995,0.66,34362,17181,17181,34362,17181,0,0,1366,0,92713,0,39375,0,0,0,132088,133454,y
L.Stuart,1996,0.57,65898,30808,32186,62994,27297,0,0,607,0,810002,0,212391,0,0,0,1022393,1023000,y
L.Stuart,1997,0.72,907652,435409,472243,907652,415149,0,0,81,0,351715,0,79099,0,0,0,430814,430895,y
L.Stuart,1998,0.31,139421,69395,69002,138397,67836,0,0,312,0,264390,0,12560,0,0,0,276950,277262,y
L.Stuart,1999,0.25,62120,26536,35038,61574,33801,0,0,23,0,117520,0,16079,0,0,0,133599,133622,y
L.Stuart,2000,0.47,454478,221195,233202,454397,226267,0,0,1827,0,868657,0,42459,879,0,0,911995,913822,y
L.Stuart,2001,0.38,351881,164820,186749,351569,179540,0,0,29,0,415504,0,89810,0,0,0,505314,505343,y
L.Stuart,2002,0.45,34489,16612,17854,34466,17820,0,,20,,121483,,4449,,,,125932,125952,y
L.Stuart,2003,0.61,38474,17383,19264,36647,19212,0,,11,,15962,,5810,,,,21772,21783,y
L.Stuart,2004,0.63,83447,31976,51442,83418,51370,0,,220,,263681,,19017,0,,,282698,282918,y
L.Stuart,2005,0.36,293144,128302,164822,293124,164657,,,89,,104604,,14974,0,0,0,119578,119667,y
L.Stuart,2006,0.62,27515,13008,14496,27504,14283,,0,37,0,169236,,5275,0,0,0,174511,174548,y
L.Stuart,2007,0.58,8707,4127,4360,8487,4144,,0,48,0,5160,0,8534,0,0,0,13694,13742,y
L.Stuart,2008,0.46,146658,73007,73562,146569,57881,,0,326,0,183247,0,6668,0,0,0,189914,190240,y
L.Stuart,2009,0.12,87001,43109,43855,86964,43271,,0,40,0,216742,0,13637,0,0,0,230379,230419,y
L.Stuart,2010,0.42,75289,30874,44367,75241,43476,,0,839,0,135047,0,34988,0,,,170035,170874,y
L.Stuart,2011,0.51,4053,2330,1453,3783,778,,0,0,0,3691,0,5350,243,,,9284,9284,y
Stellako,1952,0.79,41500,20253,21076,41329,19920,0,0,23,0,93984,0,16694,0,0,0,110678,110701,y
Stellako,1953,0.78,46061,22219,22182,44401,20388,0,0,30,0,156192,0,18023,0,0,0,174215,174245,y
Stellako,1954,0.84,142465,66915,75527,142442,72273,0,0,3311,0,1140205,0,67783,0,0,0,1207988,1211299,y
Stellako,1955,0.87,51856,20659,31189,51848,29937,0,0,28,0,602677,0,27091,0,0,0,629768,629796,y
Stellako,1956,0.8,38826,15881,22924,38805,21686,0,0,92,0,220400,0,26243,0,0,0,246643,246735,y
Stellako,1957,0.78,40557,19997,20161,40158,18044,0,0,8,0,143835,0,8000,0,0,0,151835,151843,y
Stellako,1958,0.9,112517,50424,62071,112495,61581,0,0,1156,0,323089,0,16215,0,0,0,339304,340460,y
Stellako,1959,0.88,79647,37031,42556,79587,41872,0,0,17,0,514918,0,26485,0,0,0,541403,541420,y
Stellako,1960,0.84,39073,15664,23402,39066,22718,0,0,19,0,143340,0,21155,0,0,0,164495,164514,y
Stellako,1961,0.72,47387,21458,25551,47009,18136,0,0,288,0,137046,0,10068,0,0,0,147114,147402,y
Stellako,1962,0.62,124567,58591,65966,124557,44532,0,0,100,0,572029,0,17376,0,0,0,589405,589505,y
Stellako,1963,0.74,139609,64933,74665,139598,41535,0,0,977,0,713487,0,13462,0,0,0,726949,727926,y
Stellako,1964,0.8,31240,14416,16667,31083,16161,0,0,194,0,170674,0,6969,0,0,0,177643,177837,y
Stellako,1965,0.75,39452,18318,21101,39419,20479,0,0,179,0,231100,0,12372,0,0,0,243472,243651,y
Stellako,1966,0.83,101689,46880,54654,101534,51509,0,0,833,0,336316,0,22757,0,0,0,359073,359906,y
Stellako,1967,0.87,93213,38192,54976,93168,32467,0,0,288,0,531886,0,18350,0,0,0,550236,550524,y
Stellako,1968,0.84,30521,15002,15467,30469,13680,0,0,85,0,125900,0,3837,0,0,0,129737,129822,y
Stellako,1969,0.79,49481,20818,28533,49351,25629,0,0,131,0,235729,0,17385,0,0,0,253114,253245,y
Stellako,1970,0.87,45876,16600,29197,45797,26727,0,0,1170,0,228808,0,4130,0,0,0,232938,234108,y
Stellako,1971,0.93,41522,19774,21713,41487,20147,0,0,496,0,508759,12,0,0,0,0,508759,509267,y
Stellako,1972,0.75,36883,16027,20781,36808,19938,0,0,204,0,711226,0,44784,0,0,0,756010,756214,y
Stellako,1973,0.87,30809,14469,15989,30458,15424,0,0,11,0,75813,0,10077,0,0,0,85890,85901,y
Stellako,1974,0.83,41475,16807,24470,41277,23718,0,0,1823,0,281752,13,19534,0,0,0,301286,303122,y
Stellako,1975,0.66,177223,68818,108267,177085,68451,0,0,3852,0,1832708,0,64645,2919,0,0,1900272,1904124,y
Stellako,1976,0.79,150771,76173,74591,150764,63865,0,0,150,0,216701,0,27506,0,0,0,244207,244357,y
Stellako,1977,0.81,23602,10778,12419,23197,10894,0,0,74,0,209138,0,56488,0,0,0,265626,265700,y
Stellako,1978,0.8,60421,25498,33400,58898,32528,0,0,860,0,388505,0,48040,0,0,0,436545,437405,y
Stellako,1979,0.84,291416,126523,164819,291342,152583,0,0,31,0,478737,0,145156,0,0,0,623893,623924,y
Stellako,1980,0.74,72149,32945,39181,72126,28477,0,0,207,0,535944,0,219255,0,0,0,755199,755406,y
Stellako,1981,0.91,22121,9381,12545,21926,12030,0,0,28,0,234136,0,51734,0,0,0,285870,285898,y
Stellako,1982,0.84,69434,30946,38474,69420,34888,0,0,1900,0,309369,0,46504,0,0,0,355873,357773,y
Stellako,1983,0.77,122729,55367,67315,122682,61357,0,0,1129,0,1097744,0,158607,0,0,0,1256351,1257480,y
Stellako,1984,0.91,60973,27594,33363,60957,32672,0,0,170,0,744589,0,266430,0,0,0,1011019,1011189,y
Stellako,1985,0.91,42296,19064,23035,42099,21969,0,0,87,0,97659,0,30996,0,0,0,128655,128742,y
Stellako,1986,0.79,77378,31234,45943,77177,44564,0,0,23,0,445398,0,116424,0,0,0,561822,561845,y
Stellako,1987,0.82,211111,98430,112655,211085,98179,0,0,14,0,353471,0,82191,0,0,0,435662,435676,y
Stellako,1988,0.59,367785,146588,221148,367736,200537,0,0,158,0,566227,0,425114,0,0,0,991341,991499,y
Stellako,1989,0.88,43189,25458,17721,43179,15903,0,0,28,0,127212,0,95047,0,0,0,222259,222287,y
Stellako,1990,0.8,94128,37122,56998,94120,56537,0,0,1145,0,861027,0,89664,0,0,0,950691,951836,y
Stellako,1991,0.8,95961,40641,55273,95914,54349,0,0,259,0,299039,0,37271,0,0,0,336310,336569,y
Stellako,1992,0.79,98093,42525,55562,98087,55138,0,0,275,0,734393,0,133793,0,0,0,868186,868461,y
Stellako,1993,0.84,91443,46525,44546,91071,42861,0,0,13,0,68158,0,241673,0,0,0,309831,309844,y
Stellako,1994,0.68,136878,66042,70698,136740,63584,0,0,127,0,593409,0,88649,704,0,0,682762,682889,y
Stellako,1995,0.66,122780,65167,57509,122676,41135,0,0,75,0,127344,0,56540,0,0,0,183884,183959,y
Stellako,1996,0.57,332207,152322,179885,332207,167624,0,0,16,0,635499,0,176479,0,0,0,811978,811994,y
Stellako,1997,0.73,55410,30444,24913,55357,23241,0,0,0,0,68515,0,56658,0,0,0,125173,125173,y
Stellako,1998,0.31,185697,87273,98368,185641,96961,0,0,73,0,504421,0,133503,0,0,0,637924,637997,y
Stellako,1999,0.23,138182,65654,72514,138168,66080,0,0,0,0,143988,0,30474,0,0,0,174462,174462,y
Stellako,2000,0.46,373409,163062,210347,373409,195386,0,0,0,0,647582,0,70089,0,0,0,717671,717671,y
Stellako,2001,0.38,152413,84318,68022,152340,61590,0,,,,203410,,83718,,,,287128,287128,y
Stellako,2002,0.42,324178,145112,179066,324178,177618,0,,47,,224262,,24066,,,,248328,248375,y
Stellako,2003,0.61,78266,34220,44046,78266,43829,0,,5,,34522,,14605,,,,49127,49132,y
Stellako,2004,0.64,87719,33201,54518,87719,53755,0,332,153,664,213103,,32647,111,,,246856,247009,y
Stellako,2005,0.36,175737,72775,102915,175690,102247,,,12,0,6640,,4885,0,0,0,11525,11537,y
Stellako,2006,0.56,149147,67372,81770,149142,79834,,111,87,0,391376,,81434,0,0,0,472920,473007,y
Stellako,2007,0.29,41760,20562,21045,41607,19626,,0,20,0,113252,0,24678,0,0,0,137930,137950,y
Stellako,2008,0.3,160935,74829,86094,160923,73798,,0,454,0,259519,0,14453,0,0,0,273972,274426,y
Stellako,2009,0.12,27880,11799,15994,27793,15770,,0,0,0,151519,0,47534,0,481.4081448,0,199534,199534,y
Stellako,2010,0.42,204434,90292,114122,204414,109383,,0,12308,0,1441852,0,129017,0,,,1570870,1583178,y
Stellako,2011,0.51,85938,42239,43245,85484,25856,,0,0,0,42845,0,9140,0,,,51985,51985,y
Bowron,1952,0.77,18672,8940,9705,18645,8568,0,0,8,0,36992,0,6304,0,0,0,43296,43304,y
Bowron,1953,0.79,13517,6782,6495,13277,5734,0,0,3,0,70599,0,4977,0,0,0,75576,75579,y
Bowron,1954,0.84,10774,5343,5172,10515,4566,0,0,652,0,62971,0,3293,0,0,0,66264,66916,y
Bowron,1955,0.86,9355,4285,5065,9350,4471,0,0,43,0,92623,0,4289,0,0,0,96912,96955,y
Bowron,1956,0.81,6996,2872,4122,6994,3639,0,0,0,0,27586,0,10160,738,0,0,38484,38484,y
Bowron,1957,0.84,12069,4743,7268,12011,6416,0,0,0,0,41008,0,958,0,0,0,41966,41966,y
Bowron,1958,0.78,14871,5445,9398,14843,8297,0,0,43,0,17945,0,167,0,0,0,18112,18155,y
Bowron,1959,0.7,29247,12693,16554,29247,14614,0,0,11,0,56454,0,5400,0,0,0,61854,61865,y
Bowron,1960,0.76,7620,3649,3971,7620,3506,0,0,4,0,17278,0,451,0,0,0,17729,17733,y
Bowron,1961,0.86,7460,3286,4163,7449,3675,0,0,0,0,26835,0,1313,0,0,0,28148,28148,y
Bowron,1962,0.67,6292,2640,3646,6286,3219,0,0,6,0,18822,0,2499,0,0,0,21321,21327,y
Bowron,1963,0.56,25144,10184,14957,25141,11468,0,0,28,0,204973,0,9315,0,0,0,214288,214316,y
Bowron,1964,0.71,1500,718,782,1500,690,0,0,0,0,25416,0,2091,0,0,0,27507,27507,y
Bowron,1965,0.9,2660,1197,1462,2659,1170,0,0,50,0,16770,0,1029,0,0,0,17799,17849,y
Bowron,1966,0.88,2480,1111,1359,2470,1151,0,0,0,0,21196,0,1053,0,0,0,22249,22249,y
Bowron,1967,0.85,31695,15847,15848,31695,13991,0,0,124,0,193857,0,12513,0,0,0,206370,206494,y
Bowron,1968,0.9,3634,1805,1806,3611,1710,0,0,0,0,37393,0,6150,1099,0,0,44642,44642,y
Bowron,1969,0.79,3872,1936,1936,3872,1936,0,0,0,0,16003,0,1208,0,0,0,17211,17211,y
Bowron,1970,0.94,1341,563,742,1305,497,0,0,371,0,15826,0,0,0,0,0,15826,16197,y
Bowron,1971,0.87,25497,11754,13743,25497,10761,0,0,0,0,124161,0,346,0,0,0,124507,124507,y
Bowron,1972,0.92,4138,1908,2230,4138,1969,0,0,0,0,16860,0,111,0,0,0,16971,16971,y
Bowron,1973,0.8,4700,2279,2279,4558,2012,0,0,0,0,10538,0,124,0,0,0,10662,10662,y
Bowron,1974,0.89,1850,804,1046,1850,1046,0,0,0,0,15702,0,1729,0,0,0,17431,17431,y
Bowron,1975,0.76,29700,13009,16691,29700,14735,0,0,122,0,121742,0,634,282,0,0,122658,122780,y
Bowron,1976,0.87,2250,1069,1181,2250,1069,0,0,0,0,7112,0,0,0,0,0,7112,7112,y
Bowron,1977,0.77,2500,1125,1375,2500,1214,0,0,0,0,5875,0,9521,0,0,0,15396,15396,y
Bowron,1978,0.8,3150,1240,1901,3141,1678,0,0,0,0,39903,0,724,0,0,0,40627,40627,y
Bowron,1979,0.72,35000,16674,18326,35000,16178,0,0,0,0,15714,0,14270,0,0,0,29984,29984,y
Bowron,1980,0.64,2894,1385,1509,2894,1376,0,0,0,0,39381,0,5789,0,0,0,45170,45170,y
Bowron,1981,0.8,1170,533,637,1170,562,0,0,0,0,14724,0,1808,0,0,0,16532,16532,y
Bowron,1982,0.97,1647,657,990,1647,990,0,0,0,0,3066,0,2211,0,0,0,5277,5277,y
Bowron,1983,0.61,6451,2580,3871,6451,3484,0,0,17,0,36597,0,1535,407,0,0,38539,38556,y
Bowron,1984,0.8,10461,5091,5370,10461,4909,0,0,12,0,44712,0,5879,0,0,0,50591,50603,y
Bowron,1985,0.69,6395,3080,3315,6395,3030,0,0,0,0,16449,0,2728,0,0,0,19177,19177,y
Bowron,1986,0.36,3131,1591,1527,3118,1396,0,0,0,0,20562,0,636,0,0,0,21198,21198,y
Bowron,1987,0.71,11079,5411,5660,11071,5660,0,0,132,0,18171,0,4289,0,0,0,22460,22592,y
Bowron,1988,0.73,12780,5187,7593,12780,7405,0,0,0,0,11669,0,1381,0,0,0,13050,13050,y
Bowron,1989,0.89,2534,1167,1367,2534,1367,0,0,0,0,4945,0,7897,0,0,0,12842,12842,y
Bowron,1990,0.66,7992,2561,5299,7860,5065,0,0,0,0,18847,0,12283,0,0,0,31130,31130,y
Bowron,1991,0.74,4919,2459,2460,4919,2460,0,0,114,0,47542,0,1083,68,0,0,48693,48807,y
Bowron,1992,0.71,2560,1443,1117,2560,1117,0,0,14,0,10556,0,2313,0,0,0,12869,12883,y
Bowron,1993,0.81,1184,592,592,1184,592,0,0,0,0,16961,0,3506,0,0,0,20467,20467,y
Bowron,1994,0.35,4415,2535,1845,4380,1845,0,0,0,0,6743,0,4106,0,0,0,10849,10849,y
Bowron,1995,0.41,34431,17598,16819,34417,13487,0,0,40,0,25092,0,2259,0,0,0,27351,27391,y
Bowron,1996,0.3,8176,4107,4069,8176,4054,0,0,0,0,20695,0,6081,0,0,0,26776,26776,y
Bowron,1997,0.82,4811,2667,2144,4811,2119,0,0,0,0,1335,0,3689,0,0,0,5024,5024,y
Bowron,1998,0.19,4777,1921,2830,4751,2830,0,0,0,0,11272,0,5729,0,0,0,17001,17001,y
Bowron,1999,0.21,8238,4943,3295,8238,3295,0,0,0,0,19734,0,0,0,0,0,19734,19734,y
Bowron,2000,0.41,13440,6203,7237,13440,6720,0,0,0,0,23887,0,1396,0,0,0,25283,25283,y
Bowron,2001,0.21,5842,2921,2921,5842,2752,0,,,,4433,,2392,,,,6825,6825,y
Bowron,2002,0.41,8770,4085,4685,8770,4505,0,,,,7279,,395,,,,7674,7674,y
Bowron,2003,0.5,6752,3376,3376,6752,3038,0,,,30,3702,,90,,,,3822,3822,y
Bowron,2004,0.58,916,458,458,916,458,0,30,,,3008,,3082,0,,,6120,6120,y
Bowron,2005,0.24,1730,864,866,1730,866,,,,0,1876,,382,0,0,0,2259,2259,y
Bowron,2006,0.37,1554,864,690,1554,636,,0,0,127,14783,,2640,0,0,0,17550,17550,y
Bowron,2007,0.38,2173,1078,1095,2173,1075,,0,0,0,8359,0,20,0,0,0,8378,8378,y
Bowron,2008,0.38,1005,648,357,1005,275,,0,0,0,234,0,548,0,0,0,782,782,y
Bowron,2009,0.12,1814,907,907,1814,843,,0,0,0,4968,0,1241,0,0,0,6209,6209,y
Bowron,2010,0.29,8439,4219,4220,8439,4095,,37,23,0,23583,0,3044,0,,,26664,26687,y
Bowron,2011,0.44,4101,2008,2093,4101,2037,,0,0,0,5197,0,961,0,,,6158,6158,y
Raft,1952,0.77,15617,7900,7717,15617,5116,0,0,5,0,46167,0,5010,0,0,0,51177,51182,y
Raft,1953,0.79,7909,3358,4546,7904,3600,0,0,0,0,30285,0,1839,0,0,0,32124,32124,y
Raft,1954,0.76,9995,4598,5390,9988,5352,0,0,231,0,38964,0,11293,0,0,0,50257,50488,y
Raft,1955,0.87,5178,1959,3217,5176,2905,0,0,7,0,52497,0,7860,158,0,0,60515,60522,y
Raft,1956,0.85,9039,3516,5523,9039,5180,0,0,0,0,17335,0,8029,1776,0,0,27140,27140,y
Raft,1957,0.81,6919,3542,3356,6898,3314,0,0,72,0,18932,0,2011,0,0,0,20943,21015,y
Raft,1958,0.75,10215,3916,6298,10214,6235,0,0,23,0,22591,0,512,17,0,0,23120,23143,y
Raft,1959,0.84,10413,4874,5539,10413,5232,0,0,0,0,20417,0,3167,30,0,0,23614,23614,y
Raft,1960,0.78,6784,3299,3445,6744,2690,0,0,64,0,14715,0,2049,120,0,0,16884,16948,y
Raft,1961,0.75,7861,3555,4298,7853,3014,0,0,32,0,22139,0,2154,0,0,0,24293,24325,y
Raft,1962,0.69,7717,3227,4490,7717,4197,0,0,0,0,37568,0,2981,0,0,0,40549,40549,y
Raft,1963,0.59,8886,4023,4822,8845,2693,0,0,18,0,9090,0,265,444,0,0,9799,9817,y
Raft,1964,0.71,5324,2448,2852,5300,2666,0,0,81,0,40283,0,8228,132,0,0,48643,48724,y
Raft,1965,0.73,6728,2590,4138,6728,2669,0,0,73,0,18867,0,1686,0,0,0,20553,20626,y
Raft,1966,0.84,6300,3238,3056,6294,2666,0,0,320,0,20483,0,2736,0,0,0,23219,23539,y
Raft,1967,0.89,1319,572,723,1295,358,0,0,37,0,8226,0,1395,0,0,0,9621,9658,y
Raft,1968,0.74,8396,4503,3861,8364,3455,0,0,98,0,100888,0,5411,0,0,0,106299,106397,y
Raft,1969,0.8,5633,2616,2961,5577,2577,0,0,381,0,10279,0,3710,0,0,0,13989,14370,y
Raft,1970,0.8,4746,2148,2586,4734,1205,0,0,37,0,8300,0,523,0,0,0,8823,8860,y
Raft,1971,0.93,1733,820,874,1694,223,0,0,33,0,9570,0,2116,642,0,0,12328,12361,y
Raft,1972,0.89,12052,5150,6796,11946,4507,0,0,87,0,56973,0,761,0,0,0,57734,57821,y
Raft,1973,0.83,2751,1220,1516,2736,1345,0,0,22,0,1616,0,7723,0,0,0,9339,9361,y
Raft,1974,0.8,2743,1007,1721,2728,1479,0,0,206,0,11541,0,476,0,0,0,12017,12223,y
Raft,1975,0.74,2787,1235,1494,2729,1391,0,0,7,0,5632,0,797,280,0,0,6709,6716,y
Raft,1976,0.85,9269,4981,4269,9250,3976,0,0,56,0,18539,0,1331,0,0,0,19870,19926,y
Raft,1977,0.74,2036,780,951,1731,198,0,0,0,0,2728,0,3189,0,0,1023,6940,6940,y
Raft,1978,0.87,2500,1150,1343,2493,1343,0,0,253,0,11888,0,6562,45,0,0,18495,18748,y
Raft,1979,0.71,2807,1399,1386,2785,693,0,0,0,0,1183,0,1856,0,0,0,3039,3039,y
Raft,1980,0.72,5591,3319,2272,5591,2056,0,0,112,0,47827,0,3784,0,0,0,51611,51723,y
Raft,1981,0.8,886,423,405,828,312,0,0,29,0,7366,0,1244,0,0,0,8610,8639,y
Raft,1982,0.8,2992,1459,1533,2992,1533,0,0,0,0,2509,0,1233,28,0,0,3770,3770,y
Raft,1983,0.68,3607,1297,2233,3530,1821,0,0,38,0,2855,0,1196,1512,0,0,5563,5601,y
Raft,1984,0.61,19345,10318,9015,19333,6701,0,0,325,0,32692,0,14038,0,0,8,46738,47063,y
Raft,1985,0.67,5521,2320,3201,5521,1922,0,0,7,0,2830,0,1591,105,0,0,4526,4533,y
Raft,1986,0.44,2198,1020,1146,2166,1080,0,0,0,0,2902,0,111,0,0,0,3013,3013,y
Raft,1987,0.65,1512,688,748,1436,723,0,0,0,0,1399,0,2421,0,0,0,3820,3820,y
Raft,1988,0.44,20684,10630,10048,20678,9207,0,0,0,0,41783,0,8304,88,0,310,50485,50485,y
Raft,1989,0.9,1827,805,1022,1827,925,0,0,7,0,7357,0,3935,0,0,0,11292,11299,y
Raft,1990,0.86,730,259,471,730,412,0,0,0,0,1610,0,934,0,0,0,2544,2544,y
Raft,1991,0.69,757,322,435,757,264,0,0,0,0,908,0,553,0,0,0,1461,1461,y
Raft,1992,0.68,8663,4287,4370,8657,4112,0,0,6,0,65321,8,2024,0,0,0,67345,67359,y
Raft,1993,0.68,5384,2248,3136,5384,2934,0,0,24,0,22386,0,10727,65,0,396,33574,33598,y
Raft,1994,0.22,1741,890,851,1741,800,0,0,0,0,4738,0,22745,989,0,0,28472,28472,y
Raft,1995,0.41,1163,397,760,1157,682,0,0,41,0,22745,0,4484,0,0,0,27229,27270,y
Raft,1996,0.29,48119,22161,25935,48096,21381,0,593,0,0,89315,0,22684,0,0,0,112592,112592,y
Raft,1997,0.82,6215,3282,2933,6215,2367,0,0,0,0,25983,0,25281,0,0,0,51264,51264,y
Raft,1998,0.19,7229,3373,3825,7198,3585,0,0,8,0,4905,0,11325,0,0,0,16230,16238,y
Raft,1999,0.21,6981,3322,3659,6981,3499,0,0,92,0,26426,0,34631,0,0,0,61057,61149,y
Raft,2000,0.29,77057,41669,35385,77054,27668,0,0,53,0,107671,0,7672,0,0,0,115343,115396,y
Raft,2001,0.32,41161,19128,22025,41153,16025,0,630,0,365,79275,0,16425,0,0,0,96695,96695,y
Raft,2002,0.39,24327,12750,11485,24235,8402,0,,45,,21369,,21419,,,,42788,42833,y
Raft,2003,0.5,36144,16267,19777,36044,4890,0,,,106,2439,,5930,,,,8475,8475,y
Raft,2004,0.58,7575,3170,4405,7575,3244,0,1272,4,1779,39136,,8849,195,,,51231,51235,y
Raft,2005,0.23,104344,37200,66956,104156,16967,,198,,0,6441,,2454,0,0,0,9093,9093,y
Raft,2006,0.37,31599,13185,18414,31599,3442,,130,0,359,7182,,9652,0,0,0,17323,17323,y
Raft,2007,0.34,32499,13502,18993,32495,8064,,0,0,0,6257,0,4427,0,0,0,10684,10684,y
Raft,2008,0.32,14285,7317,6968,14285,3562,,0,2,0,14790,0,3641,0,0,0,18430,18432,y
Raft,2009,0.09,16461,7467,8994,16461,6039,,0,5,0,19972,0,15218,0,0,0,35190,35195,y
Raft,2010,0.42,13163,6305,6858,13163,2389,,0,26,0,38269,0,5850,0,,,44118,44144,y
Raft,2011,0.36,14172,6384,7786,14170,4430,,0,24,0,17946,0,4859,0,,,22805,22829,y
Quesnel,1952,0.84,7017,92,92,184,51,0,0,0,0,562,0,0,0,0,0,562,562,y
Quesnel,1953,0.76,110927,47486,63433,110919,47564,0,0,5902,0,604123,0,220,0,0,0,604343,610245,y
Quesnel,1954,0.85,299,149,150,299,146,0,0,0,0,10692,0,0,0,0,0,10692,10692,y
Quesnel,1955,0.85,63,31,32,63,30,0,0,0,0,180,0,0,0,0,0,180,180,y
Quesnel,1956,0.86,2669,40,41,81,39,0,0,18,0,1115,0,0,0,0,0,1115,1133,y
Quesnel,1957,0.63,223667,82023,141644,223667,132852,0,1420,8359,0,989580,0,144,30,0,0,991174,999533,y
Quesnel,1958,0.83,1863,574,1289,1863,1269,0,0,27,0,3362,0,23,0,0,0,3385,3412,y
Quesnel,1959,0.64,76,35,30,65,29,0,0,0,0,165,0,0,0,0,0,165,165,y
Quesnel,1960,0.88,3057,128,164,292,123,0,0,6,0,1469,0,0,0,0,0,1469,1475,y
Quesnel,1961,0.69,302563,118502,184052,302554,70000,0,0,44481,0,1195807,0,509,93,0,0,1196409,1240890,y
Quesnel,1962,0.7,1078,462,616,1078,566,0,0,30,0,7257,0,0,0,0,0,7257,7287,y
Quesnel,1963,0.56,86,36,47,83,40,0,0,0,0,956,0,0,0,0,0,956,956,y
Quesnel,1964,0.76,15839,218,174,392,159,0,0,0,0,2812,0,0,0,0,0,2812,2812,y
Quesnel,1965,0.7,364714,166918,197786,364704,105393,0,0,14161,0,1652107,0,821,83,0,0,1653011,1667172,y
Quesnel,1966,0.78,1753,616,1137,1753,1040,0,0,28,0,7038,0,396,0,0,0,7434,7462,y
Quesnel,1967,0.88,119,59,60,119,24,0,0,11,0,1750,0,0,0,0,0,1750,1761,y
Quesnel,1968,0.75,5763,349,350,699,333,0,0,0,0,428,0,0,0,0,0,428,428,y
Quesnel,1969,0.83,273134,113585,159544,273129,76565,0,69,6413,0,1626582,0,7768,0,0,0,1634419,1640832,y
Quesnel,1970,0.83,1373,461,907,1368,388,0,0,0,0,20339,0,0,0,0,0,20339,20339,y
Quesnel,1971,0.92,171,65,106,171,16,0,0,0,0,747,0,0,0,0,0,747,747,y
Quesnel,1972,0.78,3488,40,71,111,46,0,0,9,0,856,0,0,0,0,0,856,865,y
Quesnel,1973,0.83,278061,124661,153400,278061,112414,0,527,5114,0,2326864,0,3929,0,0,0,2331320,2336434,y
Quesnel,1974,0.84,4459,1846,2613,4459,2587,0,0,21,0,29304,0,1570,129,0,0,31003,31024,y
Quesnel,1975,0.74,201,88,105,193,105,0,0,0,0,1865,0,0,0,0,0,1865,1865,y
Quesnel,1976,0.78,2197,96,209,305,209,0,0,0,0,1233,0,0,0,0,0,1233,1233,y
Quesnel,1977,0.78,516223,248303,267896,516199,160717,0,0,8446,0,3810786,0,54029,5261,0,0,3870076,3878522,y
Quesnel,1978,0.74,8614,4194,4420,8614,4349,0,0,142,0,186073,0,10473,36,0,0,196582,196724,y
Quesnel,1979,0.86,511,243,268,511,238,0,0,0,0,2103,0,3908,0,0,0,6011,6011,y
Quesnel,1980,0.74,3176,154,154,308,98,0,0,0,0,2446,0,0,0,0,0,2446,2446,y
Quesnel,1981,0.8,748652,346412,402209,748621,332290,0,0,19608,0,9553856,0,213188,0,0,0,9767044,9786652,y
Quesnel,1982,0.84,39841,19279,20562,39841,20054,0,0,0,0,499074,0,56312,0,0,156,555542,555542,y
Quesnel,1983,0.83,2155,701,1454,2155,1098,0,0,33,0,31515,0,8864,0,0,0,40379,40412,y
Quesnel,1984,0.86,6186,323,591,914,551,0,0,85,0,6868,0,0,0,0,0,6868,6953,y
Quesnel,1985,0.86,1349263,617476,731787,1349263,692799,0,2870,28135,23700,12137664,0,334171,17706,0,993,12517104,12545239,y
Quesnel,1986,0.75,181473,79927,101540,181467,94792,0,0,41,0,2364628,0,168115,0,0,0,2532743,2532784,y
Quesnel,1987,0.77,20559,7600,12946,20546,11238,0,0,11,0,119437,0,57144,0,0,0,176581,176592,y
Quesnel,1988,0.64,27034,2151,4681,6832,4185,0,0,0,0,26342,0,0,0,0,0,26342,26342,y
Quesnel,1989,0.85,1870685,913731,956941,1870672,942522,0,2122,10417,0,10339444,51,280053,9408,0,0,10631027,10641495,y
Quesnel,1990,0.82,487651,224997,262647,487644,259553,0,0,585,0,2946813,0,336236,0,0,0,3283049,3283634,y
Quesnel,1991,0.84,46259,20885,25374,46259,24861,0,0,26,0,100196,0,50671,282,0,0,151149,151175,y
Quesnel,1992,0.78,8901,2816,3046,5862,3046,0,0,1,0,29213,0,0,0,0,0,29213,29214,y
Quesnel,1993,0.75,2620757,1075708,1544746,2620454,1507350,0,282,1642,0,6446036,0,398551,4529,0,0,6849398,6851040,y
Quesnel,1994,0.74,659505,298968,360531,659499,356251,0,0,248,0,2263471,0,212902,470,0,0,2476843,2477091,y
Quesnel,1995,0.51,216110,95978,120131,216109,116867,0,0,0,0,119078,0,48228,0,0,0,167306,167306,y
Quesnel,1996,0.49,42499,18470,22717,41187,21719,0,0,0,0,67906,0,19609,3175,0,0,90690,90690,y
Quesnel,1997,0.71,1858809,844774,1013878,1858652,904914,0,1589,79,0,4358762,0,318446,13897,0,0,4692694,4692773,y
Quesnel,1998,0.37,1179252,575156,604096,1179252,534532,0,0,56,0,4467804,0,272015,0,0,0,4739819,4739875,y
Quesnel,1999,0.16,189360,73171,116189,189360,106908,0,0,0,0,581976,0,228610,0,0,0,810586,810586,y
Quesnel,2000,0.46,63782,26033,37670,63703,37163,0,0,0,0,38143,0,15667,0,0,0,53810,53810,y
Quesnel,2001,0.2,3510976,1604364,1906556,3510920,1740454,0,4927,42,0,3576455,0,115416,4166,0,0,3700964,3701006,y
Quesnel,2002,0.36,1022192,552620,469572,1022192,1312599.235,0,,38,,603583,,36207,437,,,640227,640265,y
Quesnel,2003,0.52,278990,129257,149733,278990,148333,0,,,,82424,,60604,848,,,143876,143876,y
Quesnel,2004,0.52,10264,3559,6663,10222,6629,0,,,164,6545,,5986,0,,,12695,12695,y
Quesnel,2005,0.25,883678,407272,476368,883640,777707.359,,,,0,198055,11,8051,2657,512,200,209476,209487,y
Quesnel,2006,0.51,169127,73947,95180,169127,90069,,234,56,0,600703,,47951,0,0,0,648888,648944,y
Quesnel,2007,0.37,74715,38787,35928,74715,33601,,0,21,0,73107,0,3425,81,0,0,76613,76634,y
Quesnel,2008,0.38,7091,2932,4159,7091,2473,,0,0,0,3845,0,6325,297,0,0,10467,10467,y
Quesnel,2009,0.08,149467,65916,83484,149400,82781,,0,19,133,286899,0,21465,0,0,0,308497,308516,y
Quesnel,2010,0.54,246586,108632,137933,246565,131546,,0,2958,0,2395467,46,30969,128,,,2426564,2429568,y
Quesnel,2011,0.48,45433,20873,24560,45433,16936,,0,31,0,36033,0,6770,0,,,42803,42833,y
Chilko,1952,0.72,490065,224256,261329,485585,233628,0,0,18732,0,1763929,114,35975,38833,0,893,1839630,1858476,y
Chilko,1953,0.76,201245,91350,109341,200691,94471,0,0,1172,0,514554,2583,14004,86362,0,781,615701,619456,y
Chilko,1954,0.86,37743,12459,21837,34296,21247,0,0,12234,0,632132,2844,4415,58891,0,2233,697671,712749,y
Chilko,1955,0.82,132146,40578,80589,121167,75834,0,0,32418,0,1407963,1373,31011,40510,0,0,1479484,1513275,y
Chilko,1956,0.65,647768,260525,386381,646906,368607,0,0,13905,0,2379854,75,16684,25152,0,0,2421690,2435670,y
Chilko,1957,0.77,140765,54952,83512,138464,83128,0,0,76,0,117362,63,3149,17578,0,0,138089,138228,y
Chilko,1958,0.84,137081,49600,70504,120104,70433,0,0,4055,0,278320,1711,13613,130581,0,5091,427605,433371,y
Chilko,1959,0.69,471162,189677,273383,463060,272891,0,0,23792,0,2080497,1272,18659,88363,0,0,2187519,2212583,y
Chilko,1960,0.83,426607,179209,247337,426546,244864,0,0,5472,0,958877,1045,5980,81961,0,0,1046818,1053335,y
Chilko,1961,0.75,40315,15515,23586,39101,15038,0,0,256,0,52713,409,11583,4492,0,0,68788,69453,y
Chilko,1962,0.74,92467,28212,49501,77713,42125,0,0,10657,0,960609,0,13582,696,0,18,974905,985562,y
Chilko,1963,0.55,1002252,454959,543272,998231,57207,0,0,37579,0,1112861,3971,4045,47006,0,841,1164753,1206303,y
Chilko,1964,0.69,238601,103777,134495,238272,131590,0,0,7252,0,1818921,1343,55810,156756,0,0,2031487,2040082,y
Chilko,1965,0.75,39902,12294,23041,35335,20813,0,0,1787,0,138555,1782,2360,14460,0,0,155375,158944,y
Chilko,1966,0.79,226702,94921,114698,209619,107541,0,0,26456,0,744469,1479,27636,89160,0,0,861265,889200,y
Chilko,1967,0.84,176337,72563,102152,174715,90006,0,0,28734,0,1933329,5300,23351,13996,0,0,1970676,2004710,y
Chilko,1968,0.78,414446,173238,240624,413862,181912,0,0,46952,0,2349375,1108,21925,55581,0,1128,2428009,2476069,y
Chilko,1969,0.8,76518,28491,42411,70902,25519,0,0,4126,0,369954,294,15839,12146,0,0,397939,402359,y
Chilko,1970,0.82,145049,63483,71905,135388,50923,0,0,16775,0,630046,5423,1084,41128,0,0,672258,694456,y
Chilko,1971,0.92,174266,57727,99466,157193,97365,0,0,58786,0,740253,13222,0,40581,0,0,780834,852842,y
Chilko,1972,0.76,562333,225265,335502,560767,332353,0,0,42709,0,1947465,1309,34424,83501,0,166,2065556,2109574,y
Chilko,1973,0.88,61707,24786,30889,55675,30231,0,0,8835,0,200775,2893,6807,27243,0,1744,236569,248297,y
Chilko,1974,0.83,128131,36569,72994,109563,71127,0,0,26487,0,641497,3815,4312,36356,0,0,682165,712467,y
Chilko,1975,0.69,220554,81685,118054,199739,133782,0,0,22821,0,1389008,20230,7375,73812,0,390,1470585,1513636,y
Chilko,1976,0.81,364311,146424,215328,361752,228326,0,0,8457,0,1650944,334,25168,14210,0,0,1690322,1699113,y
Chilko,1977,0.84,54322,20671,28868,49539,20385,0,0,3346,0,190527,0,2743,2584,0,0,195854,199200,y
Chilko,1978,0.78,151835,60269,83133,143402,85570,0,0,8616,0,1169034,397,77743,9789,0,0,1256566,1265579,y
Chilko,1979,0.82,240294,80701,154223,234924,147920,0,0,9358,0,1615466,1371,72206,15308,0,7804,1710784,1721513,y
Chilko,1980,0.7,468658,169437,298375,467812,293234,0,0,12504,0,3920494,414,473961,32179,0,2375,4429009,4441927,y
Chilko,1981,0.85,35909,12919,21441,34360,20164,0,0,1722,0,180656,2919,4547,18862,0,0,204065,208706,y
Chilko,1982,0.79,242263,99437,140466,239903,142515,0,0,52424,0,1355953,182,131741,57505,0,1412,1546611,1599217,y
Chilko,1983,0.78,331510,138690,190530,329220,213715,0,0,45476,0,1717330,5243,36418,310875,0,4399,2069022,2119741,y
Chilko,1984,0.86,452968,223925,228693,452618,283152,0,0,11108,0,500714,1951,2890,153893,0,5802,663299,676358,y
Chilko,1985,0.9,86120,36373,35062,71435,34979,0,0,970,0,366037,1563,184400,18862,0,1136,570435,572968,y
Chilko,1986,0.79,310397,112924,168847,281771,165504,0,0,47835,0,4413216,335,279555,54465,0,5033,4752269,4800439,y
Chilko,1987,0.78,241703,88974,150627,239601,268111,0,0,11552,0,4032356,863,316979,56111,0,2975,4408421,4420836,y
Chilko,1988,0.57,255182,115629,139039,254668,206206,0,0,2697,0,2979547,797,157913,155406,0,0,3292866,3296360,y
Chilko,1989,0.88,58519,17444,35595,53039,42811,0,0,11841,0,3015024,0,86942,3564,0,0,3105530,3117371,y
Chilko,1990,0.82,833313,316764,509073,825837,497991,0,0,13262,0,2412516,4715,178745,19347,0,0,2610608,2628585,y
Chilko,1991,0.76,1039624,420297,617440,1037737,597537,0,0,4495,0,1126703,537,128342,122472,0,0,1377517,1382549,y
Chilko,1992,0.81,515663,190554,320713,511267,319959,0,0,3754,0,1773513,614,78754,9714,0,0,1861981,1866349,y
Chilko,1993,0.83,561865,230736,324490,555226,322298,0,0,18173,0,3380892,208,548667,15931,0,0,3945490,3963871,y
Chilko,1994,0.78,452239,188475,262270,450745,253976,0,0,10606,0,1331935,184,72717,4545,0,0,1409197,1419987,y
Chilko,1995,0.59,547755,224950,319414,544364,298027,0,0,2778,0,1045307,36,179013,44788,0,2414,1271522,1274336,y
Chilko,1996,0.52,989422,442372,532474,974846,504469,0,0,359,0,1175834,0,159331,26555,0,1811,1363531,1363890,y
Chilko,1997,0.72,993254,428977,556850,985827,509298,0,0,222,0,663879,0,204615,16297,0,0,884791,885013,y
Chilko,1998,0.34,880944,367336,511674,879010,467624,0,0,1084,0,423716,0,73801,34730,0,3035,535282,536366,y
Chilko,1999,0.14,891922,441606,449961,891567,432565,0,0,2228,0,1449980,0,109275,9106,0,0,1568361,1570589,y
Chilko,2000,0.46,759163,348705,410236,758941,395559,0,0,3918,0,424960,59,27152,42236,0,3565,497913,501890,y
Chilko,2001,0.22,669920,331546,337125,668671,331244,0,0,176,0,1001606,0,89122,67732,0,0,1158460,1158636,y
Chilko,2002,0.41,385042,167161,215592,382753,215050,0,,4514,,1119367,,106118,8734,,554,1234773,1239287,y
Chilko,2003,0.55,612239,272391,335930,608321,334896,0,,557,,321849,,29357,30465,,2033,385505,386062,y
Chilko,2004,0.63,92143,41819,50090,91909,49193,0,,854,,388845,,33231,3834,,,425910,426764,y
Chilko,2005,0.32,540481,250636,285331,535967,285065,,,720,0,262014,164,38008,63347,0,0,363369,364254,y
Chilko,2006,0.54,469504,199987,268960,468947,261918,,0,4235,0,4459629,660,339678,293706,0,0,5093013,5097907,y
Chilko,2007,0.3,306707,145863,159990,305853,156518,,0,2369,0,1057343,781,15921,56191,0,0,1129455,1132605,y
Chilko,2008,0.41,250583,119215,130648,249863,68731,,0,1830,0,466387,0,44652,14100,0,0,525139,526969,y
Chilko,2009,0.12,217778,85478,127901,213379,127367,,0,1081,0,1621556,689,173906,4831,0,1490,1801784,1803554,y
Chilko,2010,0.39,2462975,1091664,1368282,2459946,1181540,,0,36812,0,2478167,1553,78992,132647,,,2689805,2728169,y
Chilko,2011,0.4,919254,355797,560846,916643,457653,,0,2174,0,786937,166,83108,22314,,,892359,894699,y
Seymour,1952,0.798882494,,,,,2780,0,0,93,0,11156,0,0,0,0,0,11156,11249,y
Seymour,1953,0.77699115,,,,,2907,0,0,150,0,44870,248,0,0,0,0,44870,45268,y
Seymour,1954,0.8537855,,,,,12852,0,0,23882,0,428958,0,3444,5238,0,0,437640,461522,y
Seymour,1955,0.868003649,,,,,5178,0,0,372,0,308775,0,550,305,0,0,309630,310002,y
Seymour,1956,0.792611042,,,,,1102,0,0,26,0,10971,0,1766,0,0,0,12737,12763,y
Seymour,1957,0.757743874,,,,,7416,0,0,262,0,11959,448,0,11914,0,0,23873,24583,y
Seymour,1958,0.81729913,,,,,44285,0,0,6184,0,188824,0,510,0,0,0,189334,195518,y
Seymour,1959,0.835221778,,,,,25773,0,0,409,0,175192,11,368,0,0,0,175560,175980,y
Seymour,1960,0.754693049,,,,,1862,0,0,51,0,8697,0,0,89,0,0,8786,8837,y
Seymour,1961,0.734139734,,,,,1957,0,0,55,0,25649,138,0,7081,0,0,32730,32923,y
Seymour,1962,0.711881292,,,,,28664,0,0,2939,0,169778,0,572,3257,0,0,173607,176546,y
Seymour,1963,0.592184494,,,,,26742,0,0,147,0,112265,0,1674,0,0,0,113939,114086,y
Seymour,1964,0.697186983,,,,,1321,0,0,0,0,17994,0,504,0,0,0,18498,18498,y
Seymour,1965,0.763420189,,,,,2550,0,0,183,0,34707,0,0,0,0,0,34707,34890,y
Seymour,1966,0.837735408,,,,,12943,0,0,658,0,139745,0,1425,0,0,0,141170,141828,y
Seymour,1967,0.884912226,,,,,7264,0,0,66,0,216733,0,2954,1098,0,0,220785,220851,y
Seymour,1968,0.809284116,,,,,2064,0,0,0,0,21963,0,145,0,0,0,22108,22108,y
Seymour,1969,0.796202044,,,,,3276,0,0,258,0,14617,0,0,0,0,0,14617,14875,y
Seymour,1970,0.897274721,,,,,3603,0,0,470,0,223705,0,0,2194,0,0,225899,226369,y
Seymour,1971,0.912778812,,,,,9463,0,0,1341,0,132035,0,1934,0,0,0,133969,135310,y
Seymour,1972,0.892292908,,,,,1418,0,0,320,0,56465,0,0,0,0,0,56465,56785,y
Seymour,1973,0.816240107,,,,,1150,0,0,419,0,24381,0,0,0,0,0,24381,24800,y
Seymour,1974,0.800618929,,,,,25868,0,0,1353,0,247377,0,0,0,0,0,247377,248730,y
Seymour,1975,0.725536211,,,,,16844,0,0,1665,0,175012,0,4007,0,0,0,179019,180684,y
Seymour,1976,0.856504392,,,,,4898,0,0,38,0,18193,0,191,0,0,0,18384,18422,y
Seymour,1977,0.765361838,,,,,2883,0,0,135,0,53835,0,1444,14632,0,0,69911,70046,y
Seymour,1978,0.745978038,,,,,30757,0,0,730,0,256211,0,4984,0,0,0,261195,261925,y
Seymour,1979,0.718270747,,,,,24866,0,0,85,0,92992,0,42223,314,0,0,135529,135614,y
Seymour,1980,0.625606121,,,,,4616,0,0,10,0,45127,0,7711,0,0,0,52838,52848,y
Seymour,1981,0.766910181,,,,,5354,0,0,0,0,26268,0,0,4607,0,0,30875,30875,y
Seymour,1982,0.767912682,,,,,27219,0,0,2737,0,492244,0,13474,0,0,0,505718,508455,y
Seymour,1983,0.695533753,,,,,14014,0,0,3003,0,261161,0,7562,734,0,0,269457,272460,y
Seymour,1984,0.802274056,,,,,9148,0,0,174,0,35743,0,100,0,0,0,35843,36017,y
Seymour,1985,0.848078415,,,,,2684,0,0,332,0,32018,0,11226,0,0,0,43244,43576,y
Seymour,1986,0.745667492,,,,,57069,0,0,1132,0,811714,1,11322,0,0,0,823036,824169,y
Seymour,1987,0.691058781,,,,,41081,0,0,314,0,416101,0,25805,0,0,0,441906,442220,y
Seymour,1988,0.617990704,,,,,7989,0,0,0,0,9027,0,1816,0,0,0,10843,10843,y
Seymour,1989,0.82931501,,,,,2864,0,0,68,0,18809,0,0,0,0,0,18809,18877,y
Seymour,1990,0.669014911,,,,,108279,0,0,136,0,272278,0,6413,0,0,0,278691,278827,y
Seymour,1991,0.695716022,,,,,60845,0,0,0,0,84310,0,11139,116,0,0,95565,95565,y
Seymour,1992,0.710621335,,,,,3586,0,0,0,0,15128,0,2778,0,0,0,17906,17906,y
Seymour,1993,0.497565752,,,,,4950,0,0,0,0,6251,0,2465,0,0,0,8716,8716,y
Seymour,1994,0.645646186,,,,,19151,0,0,0,0,169885,0,2662,0,0,0,172547,172547,y
Seymour,1995,0.451344807,,,,,23928,0,0,17,0,64323,0,1700,0,0,0,66023,66040,y
Seymour,1996,0.200460256,,,,,9590,0,0,0,0,32991,0,6479,0,0,0,39470,39470,y
Seymour,1997,0.81443931,,,,,836,0,0,0,0,1944,0,0,0,0,0,1944,1944,y
Seymour,1998,0.399383077,,,,,14548,0,0,182,0,210538,0,3684,0,0,0,214222,214404,y
Seymour,1999,0.213250543,,,,,10072,0,0,32,0,105903,0,27996,0,0,0,133899,133931,y
Seymour,2000,0.293278361,,,,,11860,0,0,0,0,58537,0,1026,0,0,0,59563,59563,y
Seymour,2001,0.181762439,,,,,3743,0,,,,14842,,4200,,,,19042,19042,y
Seymour,2002,0.470550758,,,,,55465,0,79,851,,497726,,9077,224,,,507106,507957,y
Seymour,2003,0.635375142,,,,,18483,0,,,,11206,,870,290,,,12366,12366,y
Seymour,2004,0.611517599,,,,,762,0,,,,6671,,233,0,,,6918,6918,y
L.Shuswap,1952,0,10753,2978,4339,7317,4211,0,0,1481,0,14320,0,2131,0,0,0,16451,17932,y
L.Shuswap,1953,0,220364,1751,1722,3473,1623,0,0,1456,0,29571,0,0,0,0,0,29571,31027,y
L.Shuswap,1954,0.88,2031013,834132,1192622,2026754,1067603,0,0,714720,0,15095741,3536,12060,43279,0,0,15151080,15869336,y
L.Shuswap,1955,0.89,64584,18840,45019,63859,44632,0,0,11116,0,853267,0,609,528,0,0,854404,865520,y
L.Shuswap,1956,0,4505,1120,2201,3321,2103,0,0,555,0,6961,0,458,0,0,0,7419,7974,y
L.Shuswap,1957,0.91,307228,1029,1780,2809,1651,0,0,16,0,2206,0,0,941,0,0,3147,3163,y
L.Shuswap,1958,0.88,2299974,1132968,1161768,2294736,1644152,0,871,123575,0,2076776,646,4097,7843,0,0,2089587,2213808,y
L.Shuswap,1959,0.85,135090,45350,89476,134826,89270,0,0,7679,0,374501,0,106,16,0,0,374623,382302,y
L.Shuswap,1960,0,1914,544,1363,1907,1322,0,0,201,0,2333,0,0,15,0,0,2348,2549,y
L.Shuswap,1961,0.68,65857,252,898,1150,854,0,0,204,0,6996,0,0,947,0,0,7943,8147,y
L.Shuswap,1962,0.45,1151142,478271,666298,1144569,651863,0,307,90241,0,2740250,0,10891,83623,0,0,2835071,2925312,y
L.Shuswap,1963,0.59,158581,77553,80915,158468,80244,0,0,78928,0,3047429,0,3663,1326,0,0,3052418,3131346,y
L.Shuswap,1964,0,716,257,347,604,345,0,0,2346,0,17103,0,177,0,0,0,17280,19626,y
L.Shuswap,1965,0.71,59529,736,1351,2087,1332,0,0,496,0,24312,0,0,0,0,0,24312,24808,y
L.Shuswap,1966,0.57,1322480,573382,708798,1282180,660849,0,4854,96198,0,3914887,1478,22138,12377,0,0,3954256,4051932,y
L.Shuswap,1967,0.71,845930,383973,460981,844954,402412,0,0,65955,0,3108302,0,8076,1890,0,0,3118268,3184223,y
L.Shuswap,1968,0,3998,810,2876,3686,2713,0,0,222,0,20709,0,74,956,0,0,21739,21961,y
L.Shuswap,1969,0.8,55319,2689,3296,5985,3166,0,0,1625,0,27967,268,0,0,0,0,27967,29860,y
L.Shuswap,1970,0.62,1556824,672941,855921,1528862,785282,0,74,173639,0,5373956,2188,2667,28383,0,0,5405080,5580907,y
L.Shuswap,1971,0.9,290293,130356,159836,290192,158976,0,0,21467,0,680311,0,128,219,0,0,680658,702125,y
L.Shuswap,1972,0.87,4698,2033,2159,4192,2155,0,0,4098,0,38342,0,2065,0,0,0,40407,44505,y
L.Shuswap,1973,0.87,47998,1323,2485,3808,2467,0,0,3817,0,64051,0,0,0,0,0,64051,67868,y
L.Shuswap,1974,0.79,1157533,496381,654391,1150772,619123,0,0,145210,0,6888446,54,9750,6962,0,0,6905158,7050422,y
L.Shuswap,1975,0.78,168565,79537,87828,167365,85544,0,0,3181,0,1022005,0,1078,0,0,0,1023083,1026264,y
L.Shuswap,1976,0.88,5588,1708,3072,4780,3072,0,0,578,0,13049,0,0,543,0,0,13592,14170,y
L.Shuswap,1977,0.8,81775,6410,6100,12510,6027,0,0,620,0,93025,0,0,0,0,0,93025,93645,y
L.Shuswap,1978,0.72,1900403,877183,1020170,1897353,1014761,0,0,119355,0,9358872,137,115757,62987,0,271,9537887,9657379,y
L.Shuswap,1979,0.76,299713,133881,165522,299403,162142,0,0,7343,0,1475536,0,15681,1106,0,0,1492323,1499666,y
L.Shuswap,1980,0.83,2675,683,1817,2500,1816,0,0,1513,0,21350,0,444,0,0,0,21794,23307,y
L.Shuswap,1981,0.89,46907,4291,6002,10293,5959,0,0,4,0,9466,0,0,0,0,0,9466,9470,y
L.Shuswap,1982,0.67,3061258,1465516,1594719,3060235,1568605,0,0,79877,0,9206624,30,105481,72834,0,53,9384992,9464899,y
L.Shuswap,1983,0.87,211424,110782,100583,211365,100256,0,0,17088,0,1947570,0,16259,0,0,0,1963829,1980917,y
L.Shuswap,1984,0.88,4339,1932,2403,4335,2409,0,0,103,0,32672,0,399,0,0,0,33071,33174,y
L.Shuswap,1985,0.86,15200,671,813,1484,806,0,0,61,0,4319,0,0,9343,0,1211,14873,14934,y
L.Shuswap,1986,0.74,2356264,1264110,1081120,2345230,1068479,0,0,67599,0,10620066,75,194400,51912,0,11743,10878121,10945795,y
L.Shuswap,1987,0.7,617398,292353,324972,617325,319734,0,0,8518,0,3840210,0,55204,0,0,0,3895414,3903932,y
L.Shuswap,1988,0.9,5059,1451,3556,5007,3558,0,0,1,0,6611,0,1608,0,0,0,8219,8220,y
L.Shuswap,1989,0.84,11753,185,385,570,380,0,0,277,0,12858,0,0,0,0,0,12858,13135,y
L.Shuswap,1990,0.65,3723592,1951876,1765797,3717673,1745709,0,2206,19675,0,7602634,3,125559,20134,0,159,7750692,7770370,y
L.Shuswap,1991,0.76,1255792,633460,622331,1255791,616033,0,0,770,0,845854,0,19352,213,0,0,865419,866189,y
L.Shuswap,1992,0.79,13128,6210,6786,12996,6640,0,0,0,0,11466,0,8443,0,0,0,19909,19909,y
L.Shuswap,1993,0.89,11366,583,784,1367,765,0,0,23,0,15343,0,0,0,0,0,15343,15366,y
L.Shuswap,1994,0.82,1370929,701965,668712,1370677,686190,0,0,634,0,2589723,31,17569,2243,0,0,2609535,2610200,y
L.Shuswap,1995,0.59,428875,209273,219602,428875,210969,0,0,475,0,750905,0,20211,0,0,0,771116,771591,y
L.Shuswap,1996,0.56,12484,6455,6011,12466,5492,0,0,0,0,31740,0,29362,430,0,0,61532,61532,y
L.Shuswap,1997,0.9,1446,422,650,1072,596,0,0,0,282,33707,0,722,0,0,0,34711,34711,y
L.Shuswap,1998,0.16,1389583,674289,714982,1389271,680650,0,64859,20892,0,7141837,0,20407,28,0,0,7227131,7248023,y
L.Shuswap,1999,0.13,343540,158694,184846,343540,138247,0,0,111,0,677510,0,21292,0,0,0,698802,698913,y
L.Shuswap,2000,0.65,855,550,305,855,164,0,0,0,0,1388,0,0,0,0,0,1388,1388,y
L.Shuswap,2001,0.21,23130,2209,2649,4858,2141,0,0,88,1104,6455,0,1243,0,0,0,8802,8890,y
L.Shuswap,2002,0.18,5532386,2585429,2946834,5532263,2845464,0,25496,42234,,7387191,,53848,1018,,,7467553,7509787,y
L.Shuswap,2003,0.41,381278,182641,198637,381278,189793,0,5984,12,,120226,,12198,,,,138408,138420,y
L.Shuswap,2005,0.36,63347,9174,11939,21113,11792,,,,1119,32714,37,0,0,0,0,33833,33870,y
L.Shuswap,2006,0.39,2897721,1369108,1528601,2897709,1170725,,29047,45470,0,17334140,,159427,388,0,0,17523002,17568472,y
L.Shuswap,2007,0.2,61043,26384,34659,61043,32296,,0,58,0,208354,0,2005,0,0,62,210421,210479,y
L.Shuswap,2008,0.36,164,81,83,164,83,,0,0,0,0,0,9168,0,0,0,9168,9168,y
L.Shuswap,2009,0.08,71344,11915,20566,32481,20208,,0,0,1241,378538,211,0,0,44,0,379822,380034,y
L.Shuswap,2010,0.53,7519076,3339343,4179675,7519018,3073257,,14626,41206,0,8549219,20,10668,996,,,8575509,8616735,y
Birkenhead,1952,0.79,77406,18371,28690,47061,24744,0,0,14902,0,180787,3107,33154,11993,0,735,226669,244678,y
Birkenhead,1953,0.84,55823,19074,23417,42491,16287,0,0,8205,0,102206,3835,16671,24273,0,953,144103,156143,y
Birkenhead,1954,0.91,40453,8493,9720,18213,8635,0,0,12671,0,128222,5306,17949,10328,0,1228,157727,175704,y
Birkenhead,1955,0.9,24450,5944,8609,14553,8185,0,0,35100,0,221160,3522,7193,7790,0,5618,241761,280383,y
Birkenhead,1956,0.81,57899,18828,30926,49754,27156,0,0,20500,0,209127,1874,42071,3840,0,1697,256735,279109,y
Birkenhead,1957,0.9,24168,7041,7495,14536,7068,0,0,3587,0,37495,5586,5340,21961,0,2394,67190,76363,y
Birkenhead,1958,0.91,33055,9030,6136,15166,5510,0,0,21115,0,74626,3512,11443,17844,0,722,104635,129262,y
Birkenhead,1959,0.9,38604,13476,12683,26159,11388,0,0,26205,0,188393,8984,36763,7505,0,172,232833,268022,y
Birkenhead,1960,0.84,39848,15376,21462,36838,19198,0,0,28566,0,119526,3085,10607,6980,0,3336,140449,172100,y
Birkenhead,1961,0.64,49627,15322,16359,31681,10550,0,0,21891,0,67104,3102,17364,19054,0,1300,104822,129815,y
Birkenhead,1962,0.75,52146,10322,16047,26369,14311,0,0,21342,0,66117,2725,8304,3995,0,8,78424,102491,y
Birkenhead,1963,0.78,67151,17425,31468,48893,20769,0,0,95525,0,281641,3924,48565,26112,0,311,356629,456078,y
Birkenhead,1964,0.7,69939,20271,28637,48908,27978,0,0,39236,0,225898,869,85137,14542,0,213,325790,365895,y
Birkenhead,1965,0.81,30008,5587,10643,16230,9769,0,0,30602,0,109033,2068,14770,7215,0,1483,132501,165171,y
Birkenhead,1966,0.81,81134,5569,14547,20116,13462,0,0,56603,0,155016,6824,61319,36465,0,628,253428,316855,y
Birkenhead,1967,0.86,58036,17078,22798,39876,17580,0,0,54257,0,365358,6953,45896,19124,0,820,431198,492408,y
Birkenhead,1968,0.81,83750,16995,40952,57947,31042,0,0,21213,0,218223,1957,35366,8346,0,102,262037,285207,y
Birkenhead,1969,0.82,64527,14624,22758,37382,14324,0,0,73972,0,451184,2190,239195,25067,0,261,715707,791869,y
Birkenhead,1970,0.83,72760,9847,20809,30656,19252,0,0,119108,0,531214,22383,30799,32549,0,2856,597418,738909,y
Birkenhead,1971,0.95,32672,7831,16798,24629,16143,0,0,62316,0,245897,1952,46347,12033,0,551,304828,369096,y
Birkenhead,1972,0.81,113524,25103,29619,54722,26202,0,0,42841,0,424942,1431,46655,3256,0,215,475068,519340,y
Birkenhead,1973,0.89,139403,25980,30755,56735,28374,0,0,44117,0,140353,3011,24973,4070,0,0,169396,216524,y
Birkenhead,1974,0.85,173720,31270,88544,119814,85495,0,0,54695,0,424633,3384,207538,32659,0,4272,669102,727181,y
Birkenhead,1975,0.8,92973,24936,36645,61581,23315,0,0,9335,0,80976,1030,18616,10152,0,484,110228,120593,y
Birkenhead,1976,0.84,108281,26007,51458,77465,50023,0,0,29279,0,479356,977,84392,22209,0,3364,589321,619577,y
Birkenhead,1977,0.88,43139,9660,14185,23845,12799,0,0,15580,0,287020,3551,98126,21384,0,5972,412502,431633,y
Birkenhead,1978,0.79,100235,46558,48583,95141,48158,0,0,42233,0,493542,292,117215,11450,0,1482,623689,666214,y
Birkenhead,1979,0.81,78088,21712,39276,60988,35482,0,0,13881,0,273583,895,121177,5205,0,1210,401175,415951,y
Birkenhead,1980,0.84,91111,35082,43695,78777,32786,0,0,10131,0,115564,0,36212,1265,0,0,153041,163172,y
Birkenhead,1981,0.88,65495,20576,28447,49023,27175,0,0,4550,0,105179,0,156430,0,0,0,261609,266159,y
Birkenhead,1982,0.81,129183,46498,73623,120121,72353,0,0,48333,0,1471487,1815,281339,12955,0,513,1766294,1816442,y
Birkenhead,1983,0.89,49102,20276,24014,44290,21113,0,0,15268,0,625519,795,149561,15531,0,1436,792047,808110,y
Birkenhead,1984,0.83,43065,16001,24460,40461,23227,0,0,5918,0,347631,120,86729,27258,0,2705,464323,470361,y
Birkenhead,1985,0.92,37709,5891,6107,11998,5758,0,0,12226,0,123208,851,93098,15248,0,1211,232765,245842,y
Birkenhead,1986,0.79,348730,135587,200479,336066,197896,0,0,24019,0,869228,559,315301,2860,0,0,1187389,1211967,y
Birkenhead,1987,0.82,168951,71304,93642,164946,89432,0,0,5671,0,698300,1185,279598,3799,0,11345,993042,999898,y
Birkenhead,1988,0.68,178103,77729,89591,167320,75535,0,0,29507,0,200724,1501,664723,27396,0,3864,896707,927715,y
Birkenhead,1989,0.88,46961,13500,15996,29496,15739,0,0,36435,0,935181,1181,173958,1174,0,0,1110313,1147929,y
Birkenhead,1990,0.83,170739,69494,97746,167240,97112,0,0,10179,0,200407,0,24968,3059,0,0,228434,238613,y
Birkenhead,1991,0.71,316719,139031,154845,293876,152083,0,0,244,0,55270,186,61746,3222,0,1717,121955,122385,y
Birkenhead,1992,0.61,219233,91774,94769,186543,93443,0,0,3522,0,47661,125,46563,435,0,876,95535,99182,y
Birkenhead,1993,0.85,250547,93484,151592,245076,151096,0,0,8716,0,180208,0,380162,4380,0,2414,567164,575880,y
Birkenhead,1994,0.9,39540,16912,22417,39329,22315,0,0,1028,0,21899,7,40686,3793,0,0,66378,67413,y
Birkenhead,1995,0.53,43150,19900,20103,40003,18430,0,0,486,0,141021,21,28997,0,0,0,170018,170525,y
Birkenhead,1996,0.5,64555,25965,30579,56544,27848,0,0,723,0,34094,0,41519,2595,0,0,78208,78931,y
Birkenhead,1997,0.78,50987,25693,24624,50317,23275,0,0,0,0,18165,0,10200,2217,0,0,30582,30582,y
Birkenhead,1998,0.26,296872,114660,181843,296503,173045,0,0,277,0,213323,0,403021,1752,0,948,619044,619321,y
Birkenhead,1999,0.11,49689,21929,27090,49019,26268,0,0,0,0,47311,0,36027,190,0,0,83528,83528,y
Birkenhead,2000,0.68,14470,5139,9331,14470,8333,0,0,652,0,63710,0,37603,0,0,0,101313,101965,y
Birkenhead,2001,0.29,44727,15409,29041,44450,28361,0,0,56,0,110415,0,81203,0,0,0,191618,191674,y
Birkenhead,2002,0.16,962,363,599,962,107481,0,342,898,,502582,,129934,,,369,633227,634125,y
Birkenhead,2003,0.31,311612,156215,154745,310960,152651,0,,80,,6064,,7010,184,,,13258,13338,y
Birkenhead,2004,0.35,38442,20381,18005,38386,17516,0,,47,,46487,,29866,0,,,76353,76400,y
Birkenhead,2005,0.13,54444,26340,27206,53546,27117,,,361,0,33023,,51280,684,0,704,85691,86052,y
Birkenhead,2006,0.3,266539,127539,138920,266459,137365,,0,179,0,257768,,178227,5636,0,0,441631,441810,y
Birkenhead,2007,0.31,93527,36560,56920,93480,54290,,0,180,0,188794,60,54063,1962,260,1298,246377,246617,y
Birkenhead,2008,0.17,20030,9347,10322,19669,6788,,0,1015,0,46215,14,22852,1558,0,259,70884,71913,y
Birkenhead,2009,0.07,55161,19820,35162,54982,34475,,0,207,0,66739,18,65974,776,0,0,133489,133714,y
Birkenhead,2010,0.53,130022,60019,69823,129842,67762,,0,18,0,26131,0,5637,528,,1502,33798,33816,y
Birkenhead,2011,0.31,235891,106680,128127,234807,92420,,0,211,0,55491,0,31284,1251,,,88026,88237,y
Cultus,1952,0.53,18910,5698,12135,17833,11309,0,0,159,0,32999,0,11266,0,0,0,44265,44424,y
Cultus,1953,0.72,13000,6253,5290,11543,4930,0,0,497,0,62317,0,855,0,0,0,63172,63669,y
Cultus,1954,0.78,24150,10795,11241,22036,10476,0,0,1631,0,61631,44,1933,6056,0,0,69620,71295,y
Cultus,1955,0.85,26000,7990,17932,25922,16711,0,0,1610,0,274490,204,1184,3596,0,0,279270,281084,y
Cultus,1956,0.63,14133,4630,9088,13718,8469,0,0,1273,0,35165,0,1067,0,0,0,36232,37505,y
Cultus,1957,0.72,20647,7245,13130,20375,12236,0,0,95,0,26724,0,1264,0,0,0,27988,28083,y
Cultus,1958,0.79,14097,5794,7530,13324,7017,0,0,3547,0,46269,0,1097,117,0,0,47483,51030,y
Cultus,1959,0.83,48461,15753,32026,47779,29845,0,0,114,0,50631,94,1449,735,0,0,52815,53023,y
Cultus,1960,0.56,17689,7520,10120,17640,9431,0,0,483,0,22606,0,414,436,0,0,23456,23939,y
Cultus,1961,0.52,15428,6363,7033,13396,6554,0,0,194,0,5954,0,0,0,0,0,5954,6148,y
Cultus,1962,0.43,27070,9450,17547,26997,16352,0,0,524,0,35483,201,0,534,0,0,36017,36742,y
Cultus,1963,0.61,20571,9032,11271,20303,10504,0,0,3825,0,131466,0,3157,0,0,0,134623,138448,y
Cultus,1964,0.55,11143,4857,6210,11067,5787,0,0,1357,0,67696,0,1550,797,0,0,70043,71400,y
Cultus,1965,0.64,2532,832,1623,2455,1512,0,0,1380,0,19606,34,0,0,0,0,19606,21020,y
Cultus,1966,0.52,17464,7676,9243,16919,8614,0,0,4551,0,40079,0,435,0,0,0,40514,45065,y
Cultus,1967,0.75,33492,14767,18431,33198,17176,0,0,7716,0,96671,0,6114,473,0,0,103258,110974,y
Cultus,1968,0.64,25736,10439,14875,25314,13862,0,0,36,0,42418,0,0,0,0,0,42418,42454,y
Cultus,1969,0.73,6739,2761,3181,5942,2964,0,0,1446,0,5031,0,0,0,0,0,5031,6477,y
Cultus,1970,0.65,15149,5778,8163,13941,7607,0,0,910,0,44797,56,150,219,0,0,45166,46132,y
Cultus,1971,0.91,9145,4161,4967,9128,4629,0,0,2673,0,47715,58,313,512,0,0,48540,51271,y
Cultus,1972,0.79,10660,4572,5794,10366,5399,0,0,337,0,30020,3,3,0,0,0,30023,30363,y
Cultus,1973,0.87,858,318,323,641,301,0,0,44,0,480,0,189,0,0,0,669,713,y
Cultus,1974,0.8,9814,3630,5354,8984,4989,0,0,636,0,27251,0,2406,0,0,0,29657,30293,y
Cultus,1975,0.76,11478,4006,7343,11349,6843,0,0,6742,0,122240,0,267,0,0,0,122507,129249,y
Cultus,1976,0.86,4450,1551,2884,4435,2688,0,0,14,0,6109,0,0,0,0,0,6109,6123,y
Cultus,1977,0.83,353,41,41,82,38,0,0,114,0,1457,0,0,0,0,0,1457,1571,y
Cultus,1978,0.82,7265,1920,3156,5076,2941,0,0,4837,0,69111,18,0,1279,0,0,70390,75245,y
Cultus,1979,0.71,32045,11736,20295,32031,18913,0,0,1662,0,106617,0,1627,610,0,0,108854,110516,y
Cultus,1980,0.74,1687,693,964,1657,898,0,0,186,0,4639,0,0,0,0,0,4639,4825,y
Cultus,1981,0.82,1159,112,144,256,134,0,0,579,0,965,0,0,0,0,0,965,1544,y
Cultus,1982,0.76,17222,6445,10280,16725,9580,0,0,883,0,12419,8,5529,0,0,0,17948,18839,y
Cultus,1983,0.82,19952,8454,11490,19944,11490,0,0,423,0,95192,0,711,0,0,0,95903,96326,y
Cultus,1984,0.86,1147,449,545,994,389,0,0,215,0,9074,0,32,85,0,0,9191,9406,y
Cultus,1985,0.56,571,215,209,424,195,0,0,329,0,1980,0,122,0,0,0,2102,2431,y
Cultus,1986,0.74,3533,1062,2194,3256,2016,0,0,210,0,10278,0,0,0,0,0,10278,10488,y
Cultus,1987,0.68,32336,14800,17384,32184,16189,0,0,19,0,64919,0,917,0,0,0,65836,65855,y
Cultus,1988,0.91,964,374,487,861,454,0,0,99,0,6584,0,1142,0,0,0,7726,7825,y
Cultus,1989,0.8,568,182,236,418,220,0,0,4,0,9729,0,1012,0,0,0,10741,10745,y
Cultus,1990,0.82,1870,849,1011,1860,942,0,0,236,0,22231,0,2336,320,0,0,24887,25123,y
Cultus,1991,0.69,20191,9690,10467,20157,9850,0,0,23,0,16737,0,618,21,0,0,17376,17399,y
Cultus,1992,0.84,1205,455,748,1203,697,0,0,71,0,1813,0,0,0,0,0,1813,1884,y
Cultus,1993,0.9,1131,492,571,1063,571,0,0,11,0,934,0,0,0,0,0,934,945,y
Cultus,1994,0.81,4422,1749,2650,4399,2524,0,0,7,0,2299,0,142,0,0,0,2441,2448,y
Cultus,1995,0.47,10349,4744,5572,10316,4279,0,0,240,0,14024,0,512,17,0,0,14553,14793,y
Cultus,1996,0.18,2030,908,1114,2022,723,0,0,12,0,1503,0,0,0,0,0,1503,1515,y
Cultus,1997,0.91,91,45,43,88,35,0,0,0,0,699,0,18,0,0,0,717,717,y
Cultus,1998,0.15,2166,928,1031,1959,955,0,0,160,0,5947,0,78,0,0,0,6025,6185,y
Cultus,1999,0.12,12403,5576,6816,12392,1025,0,0,9,0,2807,0,36,0,0,0,2843,2852,y
Portage,1953,0.83,200,25,25,50,24,0,0,0,0,394,0,0,0,0,0,394,394,y
Portage,1954,0.88,3379,1557,1812,3369,1729,0,0,1898,0,35946,0,0,856,0,0,36802,38700,y
Portage,1955,0.82,43,20,21,41,20,0,0,16,0,4376,0,0,0,0,0,4376,4392,y
Portage,1957,0.9,452,20,20,40,20,0,0,0,0,47,0,0,0,0,0,47,47,y
Portage,1958,0.87,4803,2020,2771,4791,2749,0,0,895,0,24738,0,12,0,0,0,24750,25645,y
Portage,1959,0.88,572,286,286,572,286,0,0,134,0,5431,0,0,0,0,0,5431,5565,y
Portage,1961,0.51,527,11,12,23,12,0,0,2,0,2721,0,0,0,0,0,2721,2723,y
Portage,1962,0.52,12034,5511,6424,11935,6326,0,0,1878,0,70118,0,184,0,0,0,70302,72180,y
Portage,1963,0.63,2011,861,1150,2011,1116,0,0,2207,0,56214,0,16,0,0,0,56230,58437,y
Portage,1964,0.57,9,4,5,9,5,0,0,42,0,571,0,0,11,0,0,582,624,y
Portage,1965,0.64,2108,392,589,981,589,0,0,155,0,3308,0,0,0,0,0,3308,3463,y
Portage,1966,0.55,31844,15303,16040,31343,15201,0,0,332,0,30704,0,303,0,0,0,31007,31339,y
Portage,1967,0.92,4048,1955,2070,4025,1983,0,0,167,0,4005,0,114,0,0,0,4119,4286,y
Portage,1968,0.85,173,34,52,86,50,0,0,0,0,1046,0,0,0,0,0,1046,1046,y
Portage,1969,0.71,1040,463,500,963,491,0,0,3839,0,30743,0,0,0,0,0,30743,34582,y
Portage,1970,0.87,3901,1709,2164,3873,2139,0,0,1317,0,56751,0,0,0,0,0,56751,58068,y
Portage,1971,0.93,281,126,155,281,155,0,0,2050,0,15812,0,0,181,0,0,15993,18043,y
Portage,1972,0.84,1460,92,98,190,98,0,0,2127,0,13156,0,0,0,0,0,13156,15283,y
Portage,1973,0.87,4272,1603,2360,3963,1688,0,0,10591,0,80696,0,0,0,0,0,80696,91287,y
Portage,1974,0.85,8986,3508,4967,8475,4843,0,0,1645,0,40703,0,263,0,0,0,40966,42611,y
Portage,1975,0.8,3829,1494,1681,3175,1631,0,0,810,0,14691,17,235,0,0,0,14926,15753,y
Portage,1976,0.92,3800,266,776,1042,753,0,0,118,0,7097,0,0,375,0,0,7472,7590,y
Portage,1977,0.9,7974,3523,4087,7610,3923,0,0,768,0,38060,0,1161,0,0,0,39221,39989,y
Portage,1978,0.75,10230,5793,4185,9978,3963,0,0,1315,0,99561,16,4769,6042,0,50,110422,111703,y
Portage,1979,0.76,3663,1539,2036,3575,2023,0,0,233,0,51559,0,597,303,0,0,52459,52692,y
Portage,1980,0.74,1998,782,1018,1800,996,0,0,675,0,11292,74,184,0,0,0,11476,12225,y
Portage,1981,0.85,6086,2858,2997,5855,2951,0,0,154,0,15829,0,676,3410,0,0,19915,20069,y
Portage,1982,0.76,23965,11769,12098,23867,11734,0,0,1276,0,198075,0,11246,387,0,0,209708,210984,y
Portage,1983,0.88,7945,2798,4949,7747,4909,0,0,432,0,36858,0,0,68,0,0,36926,37358,y
Portage,1984,0.86,1768,765,945,1710,941,0,0,517,0,24388,0,25188,472,0,0,50048,50565,y
Portage,1985,0.86,2083,756,1009,1765,960,0,0,1174,0,23668,0,329,669,0,0,24666,25840,y
Portage,1986,0.93,14447,7860,6431,14291,6212,0,0,255,0,67751,0,3588,0,0,0,71339,71594,y
Portage,1987,0.86,7042,3003,3817,6820,3766,0,0,292,0,60858,373,1015,506,0,0,62379,63044,y
Portage,1988,0.96,1411,266,784,1050,797,0,0,394,0,15654,8,5040,0,0,0,20694,21096,y
Portage,1989,0.84,8082,2778,5122,7900,5067,0,0,178,0,185837,0,9777,3561,0,0,199175,199353,y
Portage,1990,0.71,18479,9778,8558,18336,8415,0,0,0,0,50136,0,834,0,0,0,50970,50970,y
Portage,1991,0.81,12211,4658,7395,12053,7292,0,0,0,0,15705,0,124,62,0,0,15891,15891,y
Portage,1992,0.84,2795,1327,1379,2706,1378,0,0,1049,0,13925,0,2162,0,0,0,16087,17136,y
Portage,1993,0.9,19760,9931,9829,19760,9829,0,0,7,0,169441,0,4361,1093,0,0,174895,174902,y
Portage,1994,0.85,9270,5270,4000,9270,3890,0,0,23,0,124712,0,2935,0,0,0,127647,127670,y
Portage,1995,0.52,8447,3209,4666,7875,4319,0,0,43,0,37059,0,918,2294,0,182,40453,40314,y
Portage,1996,0.36,3427,1394,2028,3422,1759,0,0,234,0,83370,0,1817,1090,0,0,86277,86511,y
Portage,1997,0.9,9774,4154,5612,9766,5056,0,0,0,0,40148,0,1033,318,0,0,41499,41499,y
Portage,1998,0.15,25205,12060,13119,25179,11873,0,0,9,0,17568,0,110,366,0,0,18044,18053,y
Portage,1999,0.13,6475,3126,3138,6264,2079,0,0,12,0,8262,0,689,115,0,0,9066,9078,y
Portage,2000,0.65,1269,549,720,1269,671,0,0,86,0,12743,0,0,0,0,0,12743,12829,y
Portage,2001,0.19,3159,1101,2049,3150,1851,0,0,25,0,18585,0,0,0,0,0,18585,18610,y
Portage,2002,0.18,14965,6908,8045,14953,8001,0,,8,,48183,,0,,,,48183,48191,y
Portage,2004,0.48,1312,509,778,1287,778,0,,,,5627,,61,0,,,5688,5688,y
Portage,2005,0.35,12090,3759,8323,12082,8261,,,,0,2520,13,0,0,0,0,2520,2533,y
Portage,2006,0.39,18882,7192,11690,18882,10971,,307,50,0,171209,,1232,0,0,0,172748,172799,y
Portage,2007,0.2,1699,850,849,1699,849,,0,0,0,2660,0,160,0,0,0,2820,2820,y
Portage,2008,0.35,97,23,74,97,63,,0,0,0,160,0,205,154,0,0,520,520,y
Portage,2009,0.08,1836,864,909,1773,792,,0,0,0,11966,0,0,0,0,0,11967,11967,y
Portage,2010,0.53,57870,25509,32361,57870,26687,,0,182,0,88726,0,32,3,,,88761,88943,y
Portage,2011,0.33,1114,696,418,1114,330,,0,0,0,58,0,0,0,,,58,58,y
Weaver,1966,0.64,20416,9351,10138,19489,9860,0,0,660,0,73515,47,1939,0,0,0,75454,76161,y
Weaver,1967,0.86,22617,10623,11958,22581,10619,0,0,1764,0,77288,0,8421,932,0,0,86641,88405,y
Weaver,1968,0.83,4516,1479,2320,3799,2202,0,0,2976,0,141825,18,10577,0,0,0,152402,155396,y
Weaver,1969,0.69,58946,26753,31974,58727,30604,0,0,3031,0,371636,0,38246,0,0,0,409882,412913,y
Weaver,1970,0.89,11096,5183,5252,10435,5004,0,0,7393,0,371993,0,4653,0,0,0,376646,384039,y
Weaver,1971,0.94,5623,2294,2696,4990,2656,0,0,10694,0,139598,0,2345,2647,0,0,144590,155284,y
Weaver,1972,0.83,26548,10524,15214,25738,15027,0,0,7439,0,331589,0,11114,0,0,0,342703,350142,y
Weaver,1973,0.87,50173,22813,25728,48541,24885,0,0,4227,0,257812,0,11669,959,0,0,270440,274667,y
Weaver,1974,0.84,66807,27067,37026,64093,28099,0,0,5905,0,252878,0,26097,0,0,0,278975,284880,y
Weaver,1975,0.79,32011,12550,17186,29736,16033,0,0,2922,0,165459,0,1479,0,0,0,166938,169860,y
Weaver,1976,0.85,51078,20525,29407,49932,28243,0,0,9408,0,271322,0,23704,0,0,0,295026,304434,y
Weaver,1977,0.8,55145,20926,31701,52627,28510,0,0,2995,0,217049,0,15719,0,0,0,232768,235763,y
Weaver,1978,0.72,76237,32156,43015,75171,42315,0,0,10226,0,1184905,0,170418,636,0,0,1355959,1366185,y
Weaver,1979,0.76,51403,18770,26256,45026,25702,0,0,1244,0,128249,0,11535,0,0,0,139784,141028,y
Weaver,1980,0.72,74839,29302,44528,73830,43285,0,0,3167,0,331805,0,29742,0,0,0,361547,364714,y
Weaver,1981,0.83,43793,18632,23370,42002,22627,0,0,2908,0,206879,0,60505,0,0,0,267384,270292,y
Weaver,1982,0.75,294543,157755,136328,294083,115031,0,0,9112,0,1275213,0,221670,0,0,0,1496883,1505995,y
Weaver,1983,0.87,40267,10928,28413,39341,27380,0,0,2374,0,219473,0,18144,0,0,0,237617,239991,y
Weaver,1984,0.83,60370,28004,31598,59602,30435,0,0,7491,0,575398,4,51913,972,0,0,628283,635778,y
Weaver,1985,0.84,39460,13327,23692,37019,22773,0,0,1101,0,48781,0,19418,0,0,0,68199,69300,y
Weaver,1986,0.92,111596,60469,50269,110738,41837,0,0,45,0,39242,13,3417,0,0,0,42659,42717,y
Weaver,1987,0.84,63184,28006,31962,59968,30106,0,0,798,0,192151,0,27769,0,0,0,219920,220718,y
Weaver,1988,0.92,49606,20673,28584,49257,27623,0,,3179,0,334751,0,175848,0,0,0,510599,513778,y
Weaver,1989,0.83,17199,6299,10868,17167,10620,0,405,2243,7553,684087,0,70074,1576,0,0,763695,765533,y
Weaver,1990,0.72,16816,7714,8663,16377,8524,0,0,5895,0,600890,0,27875,0,0,0,628765,634660,y
Weaver,1991,0.81,39216,19163,18961,38124,18710,0,0,70,190,48888,0,16397,0,0,0,65475,65545,y
Weaver,1992,0.84,59758,28024,30662,58686,28480,0,0,684,0,624100,0,128433,0,0,0,752533,753217,y
Weaver,1993,0.9,86151,47690,36766,84456,34019,0,0,449,0,381020,0,119185,0,0,671,500876,500654,y
Weaver,1994,0.9,65026,28972,35984,64956,35516,0,0,57,0,646785,0,69090,0,0,0,715875,715932,y
Weaver,1995,0.56,33441,16457,16668,33125,10905,0,0,114,0,170376,0,95953,0,0,0,266329,266443,y
Weaver,1996,0.49,72377,30681,41389,72070,26849,0,0,227,0,350965,0,32221,0,0,0,383186,383413,y
Weaver,1997,0.91,25523,12458,13046,25504,10724,0,0,10,0,192696,0,23291,0,0,0,215987,215997,y
Weaver,1998,0.27,57159,24921,32170,57091,29811,0,0,176,0,500753,0,65956,0,0,0,566709,566885,y
Weaver,1999,0.15,34838,15972,18662,34634,13106,0,0,18,0,182595,0,64316,0,0,0,246911,246929,y
Weaver,2000,0.38,6623,3041,3572,6613,2732,0,0,389,0,104221,0,9522,0,0,0,113743,114132,y
Weaver,2001,0.18,20091,8409,11506,19915,8035,0,0,50,0,145865,0,50168,0,0,0,196033,196083,y
Weaver,2002,0.34,101051,53250,47783,101033,36269,0,,321,,227687,,14822,,,,242509,242830,y
Weaver,2003,0.29,49877,21468,28020,49488,24681,0,,23,,127468,,61308,,,,188776,188799,y
Weaver,2004,0.28,25429,10836,14543,25379,13967,0,7199,92,2991,55327,,55643,0,,,121160,121252,y
Weaver,2005,0.14,48837,21334,27182,48516,23597,,,57,0,60582,,4453,0,0,0,65035,65092,y
Weaver,2006,0.27,39804,18354,21427,39781,13618,,1316.999063,417,0,223929,,21721,0,0,0,246967,247384,y
Weaver,2007,0.13,37392,18059,19241,37300,15825,,0,1366,944,317317,,14163,0,0,0,332425,333791,y
Weaver,2008,0.14,2813,1293,1463,2756,617,,0,0,0,16273,,46779,0,0,0,63052,63052,y
Weaver,2009,0.05,35973,16583,18973,35556,12871,8,0,6,0,203872,,26440,0,0,0,230312,230326,y
Weaver,2010,0.55,61263,26610,33287,59897,25328,0,0,540,407,117961,,10893,0,,,129261,129801,y
Weaver,2011,0.53,72577,37034,35535,72569,24535,0,0,0,0,532,,177,0,,,709,709,y
Fennell,1963,0.59,439,144,292,436,248,0,0,0,0,6502,0,32,0,0,0,6534,6534,y
Fennell,1964,0.71,146,73,73,146,67,0,0,14,0,3623,0,0,0,0,0,3623,3637,y
Fennell,1967,0.89,920,458,458,916,294,0,0,0,0,15201,0,0,0,0,0,15201,15201,y
Fennell,1968,0.74,954,229,725,954,577,0,0,14,0,14846,0,169,8,0,0,15023,15037,y
Fennell,1969,0.8,52,26,26,52,22,0,0,0,0,881,0,0,0,0,0,881,881,y
Fennell,1970,0.8,9,4,5,9,5,0,0,0,0,740,0,0,0,0,0,740,740,y
Fennell,1971,0.91,1300,636,657,1293,306,0,0,263,0,15407,40,819,178,0,0,16404,16707,y
Fennell,1972,0.87,1931,832,1099,1931,1030,0,0,156,0,28193,0,205,453,0,0,28851,29007,y
Fennell,1973,0.81,205,67,134,201,83,0,0,0,0,1106,0,0,0,0,0,1106,1106,y
Fennell,1974,0.81,243,70,70,140,70,0,0,0,0,536,0,0,50,0,0,586,586,y
Fennell,1975,0.74,4127,1433,2572,4005,2181,0,0,569,0,58841,0,2143,898,0,0,61882,62451,y
Fennell,1976,0.86,4090,1612,2478,4090,2373,0,0,64,0,20252,0,1106,1339,0,0,22697,22761,y
Fennell,1977,0.79,355,160,195,355,174,0,0,0,0,7426,0,1704,1354,0,0,10484,10484,y
Fennell,1978,0.8,675,53,54,107,46,0,0,160,0,2230,0,0,0,0,1210,3440,2390,y
Fennell,1979,0.72,15590,7046,8461,15507,8046,0,0,8,0,9084,0,5145,4149,0,178,18556,18386,y
Fennell,1980,0.64,8437,3616,4821,8437,4413,0,0,60,0,34268,0,1702,175,0,0,36145,36205,y
Fennell,1981,0.79,2113,823,1253,2076,1067,0,0,0,0,2742,0,1205,0,0,0,3947,3947,y
Fennell,1982,0.79,1139,476,656,1132,656,0,0,61,0,9104,0,1724,251,0,0,11079,11140,y
Fennell,1983,0.45,5018,2264,2713,4977,2596,0,0,124,0,35855,0,2395,748,0,0,38998,39122,y
Fennell,1984,0.75,11021,3907,7114,11021,6291,0,0,361,0,42781,0,4283,2017,0,202,49283,49442,y
Fennell,1985,0.67,1620,808,790,1598,696,0,0,5,0,23647,0,8179,1988,0,352,34166,33819,y
Fennell,1986,0.42,6120,2624,3400,6024,3323,0,0,115,0,33093,0,1113,1090,0,0,35296,35411,y
Fennell,1987,0.56,16871,7223,9410,16633,9212,0,0,36,0,65946,0,10502,2166,0,0,78614,78650,y
Fennell,1988,0.41,27107,11164,15938,27102,13209,0,0,0,0,43984,0,4663,2003,0,0,50650,50650,y
Fennell,1989,0.87,4037,1145,2843,3988,2813,0,0,104,0,13765,0,5689,246,0,0,19700,19804,y
Fennell,1990,0.73,11898,4851,7011,11862,6702,0,0,0,0,14471,0,7886,446,0,192,22995,22803,y
Fennell,1991,0.7,20554,8569,11985,20554,11945,0,0,0,0,10613,6,771,3464,0,0,14848,14854,y
Fennell,1992,0.71,9392,3152,6205,9357,6103,0,0,9,0,42702,0,7561,357,0,0,50620,50629,y
Fennell,1993,0.62,7703,2626,5077,7703,5030,0,0,52,0,28621,0,13201,782,0,659,43263,42656,y
Fennell,1994,0.22,5930,2381,3549,5930,3515,0,0,0,0,4865,0,8122,878,0,196,14061,13865,y
Fennell,1995,0.38,11263,5050,6199,11249,5988,0,0,0,0,31391,0,5357,262,0,0,37010,37010,y
Fennell,1996,0.29,32757,14694,18026,32720,15409,0,0,0,0,9409,0,3534,884,0,0,13827,13827,y
Fennell,1997,0.82,9110,4378,4732,9110,4379,0,0,17,0,3670,0,2475,99,0,0,6244,6261,y
Fennell,1998,0.19,8750,3414,5336,8750,4972,0,0,25,0,9255,0,3860,0,0,0,13115,13140,y
Fennell,1999,0.34,5710,2269,3441,5710,3341,0,0,0,0,30308,0,12588,629,0,0,43525,43525,y
Fennell,2000,0.29,10479,5236,5229,10465,4796,0,0,239,0,56019,0,3934,405,0,0,60358,60597,y
Fennell,2001,0.18,5885,2392,3468,5860,3343,0,,,,9545,,2316,,,,11861,11861,y
Fennell,2002,0.39,7331,2296,5035,7331,4936,0,,46,,66869,,9039,258,,,76166,76212,y
Fennell,2003,0.5,9493,3879,5339,9218,5317,0,,,,10416,,2932,345,,,13693,13693,y
Fennell,2004,0.58,2763,1157,1606,2763,1594,0,,6,,6985,,672,16,,,7672,7678,y
Fennell,2005,0.23,4351,1475,2829,4304,2817,,,,0,906,,627,1253,0,0,2786,2786,y
Fennell,2006,0.37,11482,3029,8453,11482,8278,,0,0,0,18952,,11747,427,0,0,31126,31126,y
Fennell,2007,0.34,11409,4366,7037,11403,6900,,0,0,0,4841,0,379,759,0,225,6204,6204,y
Fennell,2008,0.32,2270,1164,1106,2270,210,,0,0,0,7873,0,707,0,0,0,8579,8579,y
Fennell,2009,0.09,1170,438,732,1170,715,,0,0,0,6744,0,1856,0,0,28,8627,8627,y
Fennell,2010,0.42,10808,4425,6383,10808,5564,,0,42,0,25746,0,1657,55,,,27459,27501,y
Fennell,2011,0.36,9988,4643,5345,9988,4498,,0,16,0,1326,0,562,0,,,1888,1904,y
Scotch,1965,,,,,,777,0,0,200,0,16437,0,0,0,0,0,16437,16637,y
Scotch,1966,,,,,,236,0,0,0,0,2956,0,0,0,0,0,2956,2956,y
Scotch,1969,,,,,,1317,0,0,120,0,33883,0,0,0,0,0,33883,34003,y
Scotch,1970,,,,,,142,0,0,0,0,2236,0,0,0,0,0,2236,2236,y
Scotch,1973,,,,,,2966,0,0,0,0,57852,0,54,0,0,0,57906,57906,y
Scotch,1974,,,,,,275,0,0,0,0,7918,0,0,0,0,0,7918,7918,y
Scotch,1976,,,,,,20,0,0,0,0,279,0,0,0,0,0,279,279,y
Scotch,1977,,,,,,6702,0,0,163,0,76206,0,1334,0,0,0,77540,77703,y
Scotch,1978,,,,,,1091,0,0,0,0,19287,0,41,0,0,0,19328,19328,y
Scotch,1980,,,,,,62,0,0,0,0,1532,0,0,0,0,0,1532,1532,y
Scotch,1981,,,,,,6887,0,0,71,0,25296,0,0,0,0,0,25296,25367,y
Scotch,1982,,,,,,2544,0,0,192,0,103900,0,5475,30,0,0,109405,109597,y
Scotch,1983,,,,,,133,0,0,0,0,2382,0,250,0,0,0,2632,2632,y
Scotch,1984,,,,,,265,0,0,12,0,2613,0,0,0,0,0,2613,2625,y
Scotch,1985,,,,,,1436,0,0,1471,0,42541,0,0,0,0,0,42541,44012,y
Scotch,1986,,,,,,11299,0,0,0,0,250911,0,6148,0,0,0,257059,257059,y
Scotch,1987,,,,,,1148,0,0,49,0,20633,0,9762,0,0,0,30395,30444,y
Scotch,1988,,,,,,723,0,0,0,0,3320,0,0,0,0,0,3320,3320,y
Scotch,1989,,,,,,3928,0,0,578,0,16150,0,0,0,0,0,16150,16728,y
Scotch,1990,,,,,,34411,0,0,265,0,311154,0,4738,123,0,0,316015,316280,y
Scotch,1991,,,,,,4539,0,0,10,0,22037,0,3644,25,0,0,25706,25716,y
Scotch,1992,,,,,,1385,0,0,1,0,2104,0,349,0,0,0,2453,2454,y
Scotch,1993,,,,,,3259,0,0,59,0,11827,0,0,0,0,0,11827,11886,y
Scotch,1994,,,,,,26711,0,0,196,0,181988,0,2267,0,0,0,184255,184451,y
Scotch,1995,,,,,,7810,0,0,11,0,12240,0,1925,0,0,0,14165,14176,y
Scotch,1996,,,,,,2205,0,0,0,0,3404,0,744,0,0,0,4148,4148,y
Scotch,1997,,,,,,1415,0,0,4,0,2249,0,0,0,0,0,2249,2253,y
Scotch,1998,,,,,,17001,0,0,148,0,191273,0,2269,0,0,0,193542,193690,y
Scotch,1999,,,,,,2034,0,0,0,0,15722,0,10701,0,0,0,26423,26423,y
Scotch,2000,,,,,,1732,0,0,2,0,40512,0,698,0,0,0,41210,41212,y
Scotch,2002,,,,,,50375,0,1161,1008,,675243,,15810,,,,692214,693222,y
Scotch,2003,,,,,,2477,0,,,,1305,,376,,,,1681,1681,y
Scotch,2004,,,,,,432,0,,2,,3764,,148,0,,,3912,3914,y
Scotch,2005,,,,,,2686,,,,0,5761,,0,0,0,0,5761,5761,y
Scotch,2006,,,,,,72735,,394,1098,0,1012864,,22224,0,0,0,1035482,1036580,y
Scotch,2007,,,,,,4758,,0,0,0,48710,0,1016,0,0,0,49726,49726,y
Scotch,2008,,,,,,139,,0,0,0,4790,0,615,0,0,0,5405,5405,y
Scotch,2009,,,,,,2665,,0,2,205,45092,8,2351,0,0,0,47648,47658,y
Scotch,2010,,,,,,273905,,0,833,0,416079,0,6129,123,,,422330,423164,y
Scotch,2011,,,,,,12451,,0,34,0,8029,0,904,0,,,8933,8967,y
Gates,1968,0.9,10289,4265,5848,10113,3835,0,0,3891,0,78371,0,403,0,0,0,78774,82665,y
Gates,1969,0.72,881,271,506,777,359,0,0,1042,0,3556,0,168,0,0,0,3724,4766,y
Gates,1970,0.76,803,47,31,78,14,0,0,258,0,154,0,0,0,0,0,154,412,y
Gates,1971,0.92,2299,128,298,426,115,0,0,4926,0,7721,0,0,0,0,0,7721,12647,y
Gates,1972,0.89,8569,3626,4697,8323,3128,0,0,4180,0,128111,0,322,0,0,0,128433,132613,y
Gates,1973,0.8,899,343,452,795,351,0,0,1344,0,9447,0,3794,100,0,0,13341,14685,y
Gates,1974,0.78,1791,23,47,70,37,0,0,1559,0,1413,0,0,0,0,0,1413,2972,y
Gates,1975,0.74,4556,563,1419,1982,1246,0,0,3841,0,15888,27,0,0,0,0,15888,19756,y
Gates,1976,0.87,17744,6709,10424,17133,8820,0,0,3009,0,67835,0,2350,36,0,0,70221,73230,y
Gates,1977,0.74,2889,1019,1563,2582,1174,0,0,690,0,17045,27,2975,587,0,0,20607,21324,y
Gates,1978,0.95,2570,87,171,258,129,0,0,589,0,860,0,198,0,0,0,1058,1647,y
Gates,1979,0.76,5025,1162,2666,3828,1648,0,0,1866,0,15902,12,0,486,0,0,16388,18266,y
Gates,1980,0.63,25494,10167,14921,25088,11032,0,0,1496,0,76467,15,1381,272,0,0,78120,79631,y
Gates,1981,0.76,4809,2076,2594,4670,1908,0,0,412,0,14267,143,3085,222,0,0,17574,18129,y
Gates,1982,0.79,2209,361,569,930,439,0,0,3361,0,5472,0,868,0,0,0,6340,9701,y
Gates,1983,0.54,8425,2865,4519,7384,3055,0,0,1542,0,26208,0,348,0,0,0,26556,28098,y
Gates,1984,0.62,29072,13416,15483,28899,9072,0,0,1730,0,115017,56,21116,0,0,0,136133,137919,y
Gates,1985,0.71,5804,1845,2733,4578,2031,0,0,6340,0,114856,0,10766,0,0,0,125622,131962,y
Gates,1986,0.59,4816,1388,2184,3572,1879,0,0,6349,0,20390,0,610,0,0,0,21000,27349,y
Gates,1987,0.65,9822,3763,5654,9417,4105,0,0,1683,0,22546,0,3604,0,0,0,26150,27833,y
Gates,1988,0.61,50357,21858,23055,44913,17840,0,0,9599,0,305722,0,4031,191,0,0,309944,319543,y
Gates,1989,0.87,19672,5934,11029,16963,9794,0,0,5779,0,38792,0,8523,0,0,0,47315,53094,y
Gates,1990,0.83,6887,1763,3611,5374,3304,0,0,826,0,13177,339,1607,0,0,0,14784,15949,y
Gates,1991,0.6,17669,3513,5527,9040,4618,0,0,1242,0,18884,0,1559,0,0,0,20443,21685,y
Gates,1992,0.81,46649,17556,24191,41747,9224,0,0,11639,0,175651,0,8143,0,0,0,183794,195433,y
Gates,1993,0.58,18628,6225,11727,17952,9089,0,0,557,0,54410,0,12557,0,0,0,66967,67524,y
Gates,1994,0.73,4358,1215,2196,3411,1706,0,0,815,0,21039,0,12510,0,0,0,33549,34364,y
Gates,1995,0.66,17798,2570,4611,7181,4533,0,0,1970,0,20949,0,540,0,0,0,21489,23459,y
Gates,1996,0.44,100453,43377,56621,99998,14150,0,0,413,0,189011,0,8576,58,0,0,197645,198058,y
Gates,1997,0.67,6867,3314,3184,6498,1877,0,0,742,0,11493,0,1174,0,0,0,12667,13409,y
Gates,1998,0.28,8725,3267,3981,7248,2442,0,0,408,0,3841,0,563,0,0,0,4404,4812,y
Gates,1999,0.21,4507,1350,2785,4135,1765,0,0,2508,0,37729,0,2405,0,0,0,40134,42642,y
Gates,2000,0.53,89389,48923,39724,88647,16571,0,0,624,0,87114,0,4264,0,0,0,91378,92002,y
Gates,2001,0.36,13329,4695,8226,12921,4008,0,0,315,0,43190,0,6741,0,0,0,49931,50246,y
Gates,2002,0.57,4681,829,1344,2173,1144,0,,1262,,11045,,694,,,,11739,13001,y
Gates,2003,0.49,10435,3731,6080,9811,5036,0,,213,,3861,,687,,,,4548,4761,y
Gates,2004,0.51,9921,3318,6288,9606,5484,0,17,343,,40513,,8461,0,,,48991,49334,y
Gates,2005,0.23,16412,5303,9847,15150,8850,,,180,0,14038,,871,0,0,0,14909,15089,y
Gates,2006,0.37,3071,833,2025,2858,1456,,0,978,0,24834,,13659,379,0,0,38872,39850,y
Gates,2007,0.35,2898,1128,1427,2555,1079,,0,6665,0,106618,0,1192,238,0,0,108048,114713,y
Gates,2008,0.35,15018,7247,7591,14838,1752,,0,1573,0,66746,0,10486,0,0,0,77232,78805,y
Gates,2009,0.12,10856,3997,5881,9878,5274,,0,2695,0,101156,0,18399,0,0,0,119555,122250,y
Gates,2010,0.26,22431,6954,8812,15766,5903,,0,2387,0,38011,0,4145,224,,,42380,44767,y
Gates,2011,0.3,57433,20159,35701,55860,26433,,0,1178,0,33836,0,2430,0,,,36266,37444,y
Nadina,1973,0.84,16737,6647,10073,16720,10726,0,0,146,0,67467,0,5741,0,0,0,73208,73354,y
Nadina,1974,0.88,3859,1620,2144,3764,2072,0,0,195,0,20017,0,0,0,0,0,20017,20212,y
Nadina,1975,0.78,15511,5916,9585,15501,8655,0,0,340,0,152807,0,5729,0,0,0,158536,158876,y
Nadina,1976,0.9,1713,779,886,1665,898,0,0,27,0,7247,0,0,0,0,0,7247,7274,y
Nadina,1977,0.73,16896,7229,9629,16858,10085,0,0,172,0,125303,0,6574,0,0,0,131877,132049,y
Nadina,1978,0.9,2782,1043,1541,2584,1527,0,0,83,0,28397,0,2767,0,0,0,31164,31247,y
Nadina,1979,0.61,56980,23832,33134,56966,21272,0,0,5,0,83912,0,17456,0,0,0,101368,101373,y
Nadina,1980,0.77,3104,1366,1676,3042,1603,0,0,4,0,16037,0,5331,0,0,0,21368,21372,y
Nadina,1981,0.85,18916,7666,11246,18912,11363,0,0,5,0,73214,0,3530,51,0,0,76795,76800,y
Nadina,1982,0.93,2350,905,1444,2349,1423,0,0,0,0,5364,0,1411,0,0,0,6775,6775,y
Nadina,1983,0.69,27461,11258,16201,27459,15945,0,0,32,0,138480,0,11219,0,0,0,149699,149731,y
Nadina,1984,0.79,7072,3500,3570,7070,3847,0,0,0,0,20594,0,4323,0,0,0,24917,24917,y
Nadina,1985,0.82,13807,5979,7828,13807,7731,0,0,0,0,41411,0,5442,0,0,0,46853,46853,y
Nadina,1986,0.6,3571,1474,2071,3545,2051,0,0,0,0,16080,0,4758,0,0,0,20838,20838,y
Nadina,1987,0.73,38624,19967,18657,38624,15643,0,0,16,0,170901,0,20119,0,0,0,191020,191036,y
Nadina,1988,0.73,8744,4194,4550,8744,4514,0,0,0,0,48538,0,9201,0,0,0,57739,57739,y
Nadina,1989,0.89,4940,2287,2653,4940,2653,0,0,0,0,15466,0,3412,1138,0,0,20016,20016,y
Nadina,1990,0.72,6047,2608,3425,6033,3405,0,0,0,0,14995,0,739,0,0,0,15734,15734,y
Nadina,1991,0.65,61174,27557,33617,61174,33387,0,0,112,0,47222,0,9005,0,0,0,56227,56339,y
Nadina,1992,0.83,7728,3686,4042,7728,2355,0,0,9,0,54950,0,49754,0,0,0,104704,104713,y
Nadina,1993,0.61,9595,4510,5085,9595,4797,0,0,0,0,51434,0,5268,0,0,0,56702,56702,y
Nadina,1994,0.76,2097,898,1110,2008,1077,0,0,0,0,9887,0,8471,0,0,0,18358,18358,y
Nadina,1995,0.5,24006,11813,12185,23998,8452,0,0,25,0,65492,0,0,0,0,0,65492,65517,y
Nadina,1996,0.4,38654,19408,19246,38654,18036,0,0,4,0,451557,0,95036,0,0,0,546593,546597,y
Nadina,1997,0.67,9499,6145,3354,9499,2624,0,0,0,0,2444,0,742,0,0,0,3186,3186,y
Nadina,1998,0.28,3724,1632,2073,3705,1983,0,0,9,0,3913,0,957,0,0,0,4870,4879,y
Nadina,1999,0.22,10342,5040,5298,10338,5026,0,0,0,0,11388,0,0,0,0,0,11388,11388,y
Nadina,2000,0.56,199381,89879,109502,199381,65446,0,0,0,0,233547,0,25990,0,0,0,259537,259537,y
Nadina,2001,0.44,54864,29754,25101,54855,17875,0,,,,48020,,48105,,9,,96134,96125,y
Nadina,2002,0.59,1925,881,1044,1925,1031,0,,,,5758,,422,,,,6180,6180,y
Nadina,2003,0.49,3163,1470,1693,3163,1677,0,,,,3370,,335,,,,3705,3705,y
Nadina,2004,0.52,22603,8680,13923,22603,13773,0,,32,,200535,,18897,0,,,219432,219464,y
Nadina,2005,0.24,21834,9673,12161,21834,12141,,,,0,11563,,4647,0,0,0,16210,16210,y
Nadina,2006,0.37,8655,3851,4804,8655,4487,,0,2,0,43269,,21609,0,0,0,64878,64880,y
Nadina,2007,0.45,1773,725,1016,1741,1006,,0,0,0,10345,0,1161,0,38,0,11544,11544,y
Nadina,2008,0.38,65975,29694,36281,65975,10169,,0,4,0,85924,0,5138,38,0,0,91100,91104,y
Nadina,2009,0.17,11402,6032,5368,11400,3718,,0,0,0,17152,0,4629,0,0,0,21781,21781,y
Nadina,2010,0.34,26142,10221,15921,26142,11892,,38,273,0,120606,0,77945,0,,,198588,198861,y
Nadina,2011,0.53,10060,7239,2817,10056,1195,,0,0,0,9084,0,2139,0,,,11223,11223,y
Pitt,1952,0.76,48899,25842,23057,48899,21904,0,0,0,0,39952,0,31890,0,0,336,72178,71842,y
Pitt,1953,0.81,18693,8472,10201,18673,9303,0,0,0,0,12688,0,12372,747,0,0,25807,25807,y
Pitt,1954,0.83,17624,8928,8696,17624,8332,0,0,42,0,37926,0,13126,0,0,0,51052,51094,y
Pitt,1955,0.81,17950,6138,11812,17950,11221,0,0,5,0,78394,0,85616,976,0,1946,166932,164991,y
Pitt,1956,0.73,32094,20595,11499,32094,11107,0,0,15,0,28169,0,38686,1900,0,1553,70308,68770,y
Pitt,1957,0.72,12338,6654,5681,12335,5130,0,0,0,0,3474,0,24544,1189,0,0,29207,29207,y
Pitt,1958,0.8,10385,3663,6718,10381,6658,0,0,12,0,12978,0,3157,0,0,388,16523,16147,y
Pitt,1959,0.83,15740,9554,6177,15731,6096,0,0,10,0,21800,0,39932,234,0,517,62483,61976,y
Pitt,1960,0.79,24510,11611,12899,24510,12532,0,0,0,0,5842,0,27406,29,0,37,33314,33277,y
Pitt,1961,0.76,11162,4540,6618,11158,6542,0,0,74,0,26282,0,74479,1531,0,669,102961,102366,y
Pitt,1962,0.59,16585,7753,8827,16580,8479,0,0,46,0,24085,0,32679,465,0,0,57229,57275,y
Pitt,1963,0.49,12680,6654,6026,12680,5798,0,0,68,0,88616,0,54052,199,0,0,142867,142935,y
Pitt,1964,0.7,13804,7399,6357,13756,6320,0,0,68,0,48016,0,142584,1250,0,176,192026,191918,y
Pitt,1965,0.87,6981,3515,3451,6966,3387,0,0,0,0,14943,0,24041,0,0,0,38984,38984,y
Pitt,1966,0.79,20867,10011,10831,20842,10735,0,0,65,0,24568,0,51336,1732,0,0,77636,77701,y
Pitt,1967,0.92,10300,5030,5252,10282,5241,0,0,29,0,24122,0,42747,882,0,0,67751,67780,y
Pitt,1968,0.83,16988,8761,8227,16988,8194,0,0,45,0,38212,0,67282,0,0,49,105543,105539,y
Pitt,1969,0.84,25084,13114,11959,25073,11739,0,0,0,0,9262,0,51821,0,0,0,61083,61083,y
Pitt,1970,0.86,6657,3414,3228,6642,3123,0,0,81,0,21806,0,32749,645,0,117,55317,55281,y
Pitt,1971,0.8,15469,8490,6962,15452,6696,0,0,462,0,91337,0,123848,1827,0,4236,221248,217474,y
Pitt,1972,0.84,13412,6810,6602,13412,6575,0,0,31,0,78300,0,44584,0,0,264,123148,122915,y
Pitt,1973,0.84,11928,7039,4856,11895,4713,0,0,11,0,11903,0,17262,0,0,0,29165,29176,y
Pitt,1974,0.72,20792,11681,8900,20581,8859,0,0,178,0,53388,0,78361,3311,0,707,135767,135238,y
Pitt,1975,0.68,39942,18469,21451,39920,21376,0,0,81,0,64180,0,20578,391,0,0,85149,85230,y
Pitt,1976,0.82,36530,16946,19579,36525,19475,0,0,41,0,13812,0,91485,0,0,250,105547,105338,y
Pitt,1977,0.77,13887,6021,7831,13852,7798,0,0,57,0,15331,0,18676,522,0,0,34529,34586,y
Pitt,1978,0.65,24835,10609,14177,24786,14116,0,0,0,0,10736,0,24013,105,0,124,34978,34854,y
Pitt,1979,0.74,37558,15877,21665,37542,20384,0,0,22,0,3770,0,34444,0,0,583,38797,38236,y
Pitt,1980,0.52,17135,7788,9313,17101,9191,0,0,8,0,10736,0,6169,0,0,0,16905,16913,y
Pitt,1981,0.76,25327,11355,13972,25327,13301,0,0,0,0,2416,0,31641,215,382,5616,40270,34272,y
Pitt,1982,0.71,8725,3599,5109,8708,5090,0,0,37,0,4318,0,13910,0,0,0,18228,18265,y
Pitt,1983,0.4,16858,6645,10207,16852,10093,0,0,22,0,11730,0,50301,0,0,0,62031,62053,y
Pitt,1984,0.65,15797,7014,8783,15797,8759,0,0,107,0,18612,0,56977,0,0,298,75887,75696,y
Pitt,1985,0.61,3574,1432,2128,3560,2113,0,0,26,0,6180,0,17002,0,0,0,23182,23208,y
Pitt,1986,0.19,29195,16704,12473,29177,12305,0,0,0,0,6413,3,33585,0,0,0,39998,40001,y
Pitt,1987,0.57,13662,7969,5668,13637,5533,0,0,3,0,7374,0,14591,0,387,130,22482,21968,y
Pitt,1988,0.45,37769,16657,21090,37747,19026,0,0,0,0,2587,0,58490,223,1189,0,62489,61300,y
Pitt,1989,0.75,16037,9402,6635,16037,9051,0,0,7,0,4944,0,11658,0,82,0,16684,16609,y
Pitt,1990,0.49,12207,6377,5825,12202,6037,0,0,18,0,1561,0,7538,0,0,0,9099,9117,y
Pitt,1991,0.45,22500,11633,10867,22500,10867,0,0,1,0,1710,0,32177,0,0,0,33887,33888,y
Pitt,1992,0.47,9135,4547,4582,9129,4411,0,0,0,0,29707,0,70846,0,0,0,100553,100553,y
Pitt,1993,0.64,22850,10779,12056,22835,11430,0,174,11,0,16103,0,86635,0,0,344,103256,102749,y
Pitt,1994,0.34,9501,5060,4440,9500,4087,0,0,81,0,4617,0,30016,0,0,375,35008,34714,y
Pitt,1995,0.41,5500,2887,2613,5500,3185,0,0,0,0,8821,0,44150,0,0,0,52971,52971,y
Pitt,1996,0.19,50086,29756,20325,50081,21678,0,0,18,0,21331,0,129612,0,1003,0,151946,150961,y
Pitt,1997,0.59,35830,19350,16448,35798,17239,0,0,11,0,12324,0,83927,0,0,0,96251,96262,y
Pitt,1998,0.16,76888,27753,49135,76888,49869,0,0,19,1003,33437,0,98506,356,0,0,133302,133321,y
Pitt,1999,0.08,35977,16489,19472,35961,19388,0,0,0,0,24538,0,118076,0,211,0,142825,142614,y
Pitt,2000,0.35,42649,23868,18770,42638,18581,0,0,15,0,41913,0,69360,0,0,0,111273,111288,y
Pitt,2001,0.07,131500,58001,73480,131481,74627,0,,,,7379,,47231,210,,,54820,54820,y
Pitt,2002,0.24,90280,49866,40414,90280,39138,0,,15,,24980,,44165,,,,69145,69160,y
Pitt,2003,0.37,78244,37046,41183,78229,39970,0,,,,373,,13413,,91,91,13968,13968,y
Pitt,2004,0.6,60942,26670,34272,60942,33786,0,,9,130,9201,,30713,0,,,40044,40053,y
Pitt,2005,0.19,62062,28250,33797,62047,33806,,65,,0,1726,,6609,0,148,0,8549,8549,y
Pitt,2006,0.44,38816,17276,21540,38816,21301,,0,8,254,12710,,54307,0,0,0,67271,67279,y
Pitt,2007,0.06,41838,21679,20150,41829,19935,,0,0,0,11425,0,69776,0,229,229,81660,81660,y
Pitt,2008,0.1,16921,8208,8713,16921,6348,,0,9,0,14412,0,65539,0,202,0,80153,80162,y
Pitt,2009,0.05,31042,12001,19033,31034,18838,,0,0,1604,9166,0,39967,202,0,0,50939,50939,y
Pitt,2010,0.14,16818,7264,9554,16818,8783,,458,38,404,15543,0,28122,265,174,174,45141,45179,y
Pitt,2011,0.15,56006,25207,30790,55997,30439,,0,11,0,26531,0,50181,1042,,,77754,77765,y
Harrison,1952,0.68,27009,9095,17914,27009,17215,0,18421,0,4633,0,0,0,0,0,0,23054,4633,y
Harrison,1953,0.82,21328,13169,7861,21030,7641,0,2232,0,7552,0,0,0,0,0,0,9784,7552,y
Harrison,1954,0.89,28800,11314,17486,28800,16869,0,6146,0,8651,0,0,0,0,0,0,14797,8651,y
Harrison,1955,0.89,5595,2183,3412,5595,3405,87,60115,0,80836,0,0,0,0,0,0,140951,80836,y
Harrison,1956,0.86,2586,1320,1266,2586,1266,0,87258,0,9600,0,0,114,0,0,0,96972,9714,y
Harrison,1957,0.84,3812,1969,1824,3793,1820,43,25371,0,34739,401,0,0,0,0,0,60511,35140,y
Harrison,1958,0.9,14701,8247,6454,14701,6404,107,55305,0,4480,0,0,0,0,0,0,59785,4480,y
Harrison,1959,0.86,27885,10128,17740,27868,17692,14,10452,0,31079,0,0,0,0,0,0,41531,31079,y
Harrison,1960,0.57,17280,10063,7147,17210,7076,0,26094,0,3357,0,0,0,0,0,0,29451,3357,y
Harrison,1961,0.56,42835,20836,21944,42780,21725,41,1634,0,11550,0,0,0,0,0,0,13184,11550,y
Harrison,1962,0.56,8162,3957,4205,8162,4197,0,31134,0,19678,0,0,0,0,0,0,50812,19678,y
Harrison,1963,0.5,22287,12455,9803,22258,9803,0,50277,0,37548,0,0,0,0,0,0,87825,37548,y
Harrison,1964,0.63,2202,1100,1102,2202,1101,47,43883,0,7247,0,0,27,0,0,0,51157,7274,y
Harrison,1965,0.74,15034,7239,7795,15034,7779,65,8237,0,12043,87,0,0,0,0,0,20367,12130,y
Harrison,1966,0.74,32672,23309,9337,32646,9295,19,42848,0,12577,0,0,0,0,0,0,55425,12577,y
Harrison,1967,0.82,20577,7788,12760,20548,12672,145,21814,0,28976,0,0,0,0,0,0,50790,28976,y
Harrison,1968,0.71,5391,2518,2861,5379,2854,126,13492,0,4193,27,0,0,0,0,0,17712,4220,y
Harrison,1969,0.78,15006,7259,7700,14959,7559,0,2150,0,5152,0,0,0,0,0,0,7302,5152,y
Harrison,1970,0.8,12675,6147,6519,12666,6471,98,18810,0,20855,0,0,0,0,0,0,39665,20855,y
Harrison,1971,0.94,3790,1820,1970,3790,1970,0,61283,0,23176,0,0,0,0,0,0,84459,23176,y
Harrison,1972,0.57,1399,552,794,1346,794,0,1153,0,810,0,0,0,0,0,0,1963,810,y
Harrison,1973,0.87,3060,1485,1575,3060,1571,0,32256,0,5425,0,0,0,0,0,0,37681,5425,y
Harrison,1974,0.85,16920,8211,8709,16920,8709,0,6133,0,34205,0,0,0,0,0,0,40338,34205,y
Harrison,1975,0.74,5987,2527,3460,5987,3381,0,22979,30,105641,0,0,0,0,0,0,128620,105671,y
Harrison,1976,0.84,5130,2155,2975,5130,2933,0,43410,134,1184,0,0,0,0,0,0,44594,1318,y
Harrison,1977,0.81,2246,866,1380,2246,1374,0,16076,0,7982,0,0,0,0,0,0,24058,7982,y
Harrison,1978,0.66,19747,9196,10521,19717,10488,0,7016,0,34177,0,0,0,0,0,0,41193,34177,y
Harrison,1979,0.69,45742,25364,20287,45651,20234,0,470,0,10425,0,0,0,0,0,0,10895,10425,y
Harrison,1980,0.69,5092,2830,2262,5092,2262,0,13416,0,977,0,0,0,0,0,0,14393,977,y
Harrison,1981,0.79,3193,1405,1788,3193,1788,0,12466,0,5403,0,0,0,0,0,0,17869,5403,y
Harrison,1982,0.73,9189,4492,4697,9189,4686,0,4275,0,24681,0,0,0,0,0,0,28956,24681,y
Harrison,1983,0.82,4239,2072,2167,4239,2132,0,7855,69,9995,0,0,0,0,0,0,17850,10064,y
Harrison,1984,0.91,1267,577,690,1267,689,69,3558,69,1569,0,0,0,0,0,0,5127,1638,y
Harrison,1985,0.47,5097,2828,2269,5097,1825,69,3694,0,10713,0,0,0,0,0,0,14407,10713,y
Harrison,1986,0.78,7390,3013,4352,7365,4145,0,5680,0,3927,0,3,0,0,0,0,9607,3930,y
Harrison,1987,0.61,5297,2404,2824,5228,2686,0,3300,182,41748,954,0,0,0,0,0,46002,42884,y
Harrison,1988,0.71,1544,597,947,1544,947,185,2005,0,1786,37,0,0,0,0,0,3828,1823,y
Harrison,1989,0.82,2934,890,2044,2934,1998,0,489,0,12934,141,0,0,0,0,0,13564,13075,y
Harrison,1990,0.38,4615,2627,1888,4515,1888,0,61732,24,64156,3590,0,0,0,0,0,129478,67770,y
Harrison,1991,0.66,15000,6917,8083,15000,7958,0,4426,0,33685,0,0,0,0,0,0,38111,33685,y
Harrison,1992,0.86,313,141,172,313,172,0,517,0,3219,0,0,0,0,0,0,3736,3219,y
Harrison,1993,0.96,3265,981,2277,3258,2271,0,14645,0,4451,0,0,0,0,0,0,19096,4451,y
Harrison,1994,0.87,9515,3283,6232,9515,6087,0,286,0,20396,0,0,0,0,0,0,20682,20396,y
Harrison,1995,0.51,16760,9795,6823,16618,6758,0,1537,0,48276,0,0,0,0,0,0,49813,48276,y
Harrison,1996,0.18,15379,7083,8296,15379,8255,0,3058,0,4502,0,0,0,0,0,0,7560,4502,y
Harrison,1997,0.22,1418,327,1091,1418,1084,0,10357,0,71883,0,0,0,0,0,0,82240,71883,y
Harrison,1998,0.14,4496,1453,3043,4496,3013,0,18160,0,46050,265,0,0,0,0,0,64475,46315,y
Harrison,1999,0.13,8577,2977,5600,8577,5592,0,16673,175,74656,0,0,0,0,0,0,91329,74831,y
Harrison,2000,0.06,4343,2598,1745,4343,1745,0,7950,350,3873,0,0,0,0,0,0,11823,4223,y
Harrison,2001,0.19,15309,6933,8376,15309,8335,0,53960,0,333007,0,0,0,0,0,0,386967,333007,y
Harrison,2002,0.18,41717,16942,24600,41542,24384,0,88078,195,188564,0,,,,,,276642,276837,y
Harrison,2003,0.32,8609,2198,6061,8259,6043,0,20138,761,83148,807,,923,,,,105016,85639,y
Harrison,2004,0.4,2106,1120,986,2106,986,0,107366,,34850,462,,,,,,142678,142678,y
Harrison,2005,0.08,388800,175776,212829,388605,211547,,5770,33,10133,0,,,,0,0,15903,15936,y
Harrison,2006,0.34,169020,77225,91034,168259,90944,,390123,163,998292,0,,0,0,0,0,1388414,1388577,y
Harrison,2007,0.08,128295,70793,57502,128295,57444,,304933,0,1331850,0,,0,0,0,0,1636782,1636782,y
Harrison,2008,0.16,6750,2302,4415,6717,4409,,57907,0,118830,0,,0,0,0,0,176736,176736,y
Harrison,2009,0.02,307373,199805,107405,307210,100603,21,25206,0,149544,0,,0,0,0,0,174750,174771,y
Harrison,2010,0.25,761668,335175,426493,761668,399661,98,229656,0,1263346,0,,,0,,,1494563,1494661,y
Harrison,2011,0.21,805617,377945,427651,805596,387080,30,59104,0,170651,0,,0,0,,,229755,229974,y